Individual,Site,Loc,Depth,PC1,PC2,PC3,PC4,Clusters,Taxa,Q.Clust1,Q.Clust2,Q.Clust3,Q.Clust4,taxaQ.Clust1,taxaQ.Clust2
KP0046_AC_SB10,SB10,SB,10-12, 0.45528195,-0.48300401,-6.111424e-01, 0.721336689,Clust3,Clust2,0.000010,0.101265,0.898715,0.000010,0.001532,0.998468
KP0050_AC_SB10,SB10,SB,10-12, 0.88616866,-1.60480420,-6.357036e-01,-0.382609906,Clust3,Clust2,0.000010,0.000010,0.998968,0.001012,0.001139,0.998861
KP0055_AC_SB10,SB10,SB,10-12, 0.48723114,-0.80475390,-1.563281e+00,-0.660847557,Clust3,Clust2,0.025568,0.103055,0.871367,0.000010,0.043638,0.956362
KP0057_AC_SB10,SB10,SB,10-12, 0.49973270,-1.98813348,-1.167873e+00,-1.032055228,Clust3,Clust2,0.000010,0.000010,0.912217,0.087763,0.005998,0.994002
KP0058_AC_SB10,SB10,SB,10-12, 0.67433724,-1.74669379,-2.969580e-01,-0.026330376,Clust3,Clust2,0.000010,0.072505,0.744760,0.182725,0.005907,0.994093
KP0060_AC_SB10,SB10,SB,10-12, 0.47668593,-1.43792022,-3.497929e-01,-0.554173271,Clust3,Clust2,0.000010,0.000010,0.999970,0.000010,0.000010,0.999990
KP0061_AC_SB10,SB10,SB,10-12, 0.93844766,-1.85227750,-6.668609e-01,-0.552424360,Clust3,Clust2,0.000010,0.009390,0.990590,0.000010,0.000010,0.999990
KP0072_AC_SB10,SB10,SB,10-12, 0.21829217,-1.53129718,-1.074306e+00,-0.391259343,Clust3,Clust2,0.000010,0.000010,0.999970,0.000010,0.042723,0.957277
KP0074_AC_SB10,SB10,SB,10-12, 0.74711169,-1.73250911,-4.413239e-02, 0.264627336,Clust3,Clust2,0.000010,0.000010,0.955771,0.044209,0.010556,0.989444
KP0078_AC_SB10,SB10,SB,10-12, 0.78064547,-1.85881091,-1.217254e+00, 0.144914548,Clust3,Clust2,0.000010,0.000010,0.999970,0.000010,0.016905,0.983095
KP0081_AC_SB10,SB10,SB,10-12, 0.87372661,-1.98175832,-1.271555e+00, 0.243977842,Clust3,Clust2,0.000010,0.000010,0.999970,0.000010,0.009062,0.990938
KP0089_AC_SB10,SB10,SB,10-12, 0.64186195,-1.71919091,-6.135785e-01,-1.113898223,Clust3,Clust2,0.000010,0.000010,0.999970,0.000010,0.000010,0.999990
KP0095_AC_SB10,SB10,SB,10-12, 0.84642322,-1.46243581,-3.287345e-01,-0.418088147,Clust3,Clust2,0.000010,0.062113,0.937867,0.000010,0.000010,0.999990
KP0100_AC_SB10,SB10,SB,10-12, 0.90259721,-1.33873788,-5.583555e-01, 0.514663865,Clust3,Clust2,0.000010,0.043053,0.900584,0.056354,0.000010,0.999990
KP0101_AC_SB10,SB10,SB,10-12, 0.77586136,-1.16456461,-1.492373e+00,-1.226159706,Clust3,Clust2,0.000010,0.098185,0.901795,0.000010,0.000010,0.999990
KP0102_AC_SB10,SB10,SB,10-12, 0.79928093,-1.84134316,-5.139054e-01,-1.109536050,Clust3,Clust2,0.000010,0.000010,0.999970,0.000010,0.018560,0.981440
KP0104_AC_SB10,SB10,SB,10-12, 0.15563235,-1.64473832,-1.041062e+00,-0.414224753,Clust3,Clust2,0.015632,0.000010,0.966640,0.017718,0.033295,0.966705
KP0109_LM_SB10,SB10,SB,10-12, 0.76673960,-1.13818292,-4.282239e-01,-0.352272302,Clust3,Clust2,0.000010,0.073057,0.791910,0.135023,0.000010,0.999990
KP0112_AC_SB10,SB10,SB,10-12, 1.07937687,-1.38521786,-1.268949e+00,-0.682360796,Clust3,Clust2,0.000010,0.029421,0.970559,0.000010,0.000010,0.999990
KP0116_AC_SB10,SB10,SB,10-12, 0.20708688,-1.92698993,-1.266494e+00,-0.874714106,Clust3,Clust2,0.000010,0.000010,0.999970,0.000010,0.015953,0.984047
KP0120_AC_SB10,SB10,SB,10-12, 0.82694340,-1.47448099,-1.110869e+00,-0.841929518,Clust3,Clust2,0.000010,0.000010,0.999970,0.000010,0.000010,0.999990
KP0121_AC_SB10,SB10,SB,10-12, 0.28917230,-1.69121621,-8.152604e-01,-0.424378094,Clust3,Clust2,0.006968,0.000010,0.993012,0.000010,0.052297,0.947703
KP0122_AC_SB10,SB10,SB,10-12, 0.51464360,-1.85173948,-8.924818e-01,-0.357194408,Clust3,Clust2,0.000010,0.000010,0.999970,0.000010,0.023304,0.976696
KP0123_AC_SB10,SB10,SB,10-12, 0.70221700,-1.28896191,-1.018215e+00,-0.366579336,Clust3,Clust2,0.000010,0.025939,0.974041,0.000010,0.000010,0.999990
KP0125_AC_SB10,SB10,SB,10-12, 0.46702125,-1.98572536,-1.175360e+00,-0.236010942,Clust3,Clust2,0.000010,0.000010,0.999970,0.000010,0.035209,0.964791
KP0127_AC_SB10,SB10,SB,10-12, 0.59556904,-1.48554955,-4.385303e-01,-1.586350369,Clust3,Clust2,0.000010,0.000010,0.999970,0.000010,0.009922,0.990078
KP0129_AC_SB10,SB10,SB,10-12, 0.44466523,-0.89859338,-4.342611e-01,-0.325892713,Clust3,Clust2,0.000010,0.000010,0.914554,0.085426,0.000010,0.999990
KP0131_HU_SB05,SB05,SB,5, 1.06767446, 0.90880899, 6.552807e-01, 0.423340405,Clust2,Clust2,0.000010,0.969434,0.000010,0.030546,0.000010,0.999990
KP0153_AC_SQ12,SQ12,SQ,10-12, 0.68291397,-1.46962860,-1.128991e+00, 1.048521749,Clust3,Clust2,0.000010,0.031782,0.968198,0.000010,0.000010,0.999990
KP0158_AC_SQ12,SQ12,SQ,10-12, 0.81714405,-1.85817916,-8.938908e-01, 0.665170126,Clust3,Clust2,0.000010,0.000010,0.911565,0.088415,0.016932,0.983068
KP0162_AC_SQ12,SQ12,SQ,10-12, 0.88081640,-1.27558575,-1.363239e+00, 2.519688303,Clust3,Clust2,0.000010,0.000010,0.999970,0.000010,0.000010,0.999990
KP0167_AC_SQ12,SQ12,SQ,10-12, 0.87617541,-1.12085103,-1.380312e-01, 0.996602892,Clust3,Clust2,0.000010,0.162856,0.821048,0.016086,0.021130,0.978870
KP0168_AC_SQ12,SQ12,SQ,10-12, 0.84916964,-1.32423460,-3.958026e-01, 1.186069379,Clust3,Clust2,0.000010,0.000010,0.980229,0.019751,0.016182,0.983818
KP0171_AC_SQ12,SQ12,SQ,10-12, 0.95638888,-1.84220352,-1.576625e+00, 2.012834599,Clust3,Clust2,0.000010,0.000010,0.999970,0.000010,0.000010,0.999990
KP0172_AC_SQ12,SQ12,SQ,10-12, 0.34356965,-1.21410729,-7.106425e-01, 0.584777008,Clust4,Clust2,0.000010,0.000010,0.000010,0.999970,0.000010,0.999990
KP0176_AC_SQ12,SQ12,SQ,10-12, 0.57650374,-1.39501512,-1.219416e+00, 0.311615885,Clust3,Clust2,0.000010,0.082982,0.546943,0.370065,0.000010,0.999990
KP0181_AC_SQ12,SQ12,SQ,10-12, 0.47087558,-1.39184617,-7.624718e-01, 0.749245650,Clust3,Clust2,0.000010,0.000010,0.882220,0.117760,0.000010,0.999990
KP0187_AC_SQ12,SQ12,SQ,10-12, 0.93345287,-1.23290876,-1.351498e+00, 2.459557495,Clust3,Clust2,0.000010,0.000010,0.999970,0.000010,0.000010,0.999990
KP0189_AC_SQ12,SQ12,SQ,10-12, 1.22648095,-1.19348215,-7.076342e-01, 0.820466199,Clust3,Clust2,0.000010,0.113359,0.886621,0.000010,0.006817,0.993183
KP0190_AC_SQ12,SQ12,SQ,10-12, 1.17607919,-1.00220198,-5.950108e-01, 0.404515545,Clust3,Clust2,0.000010,0.073986,0.691394,0.234609,0.000010,0.999990
KP0197_AC_SQ12,SQ12,SQ,10-12, 0.31104954,-1.42013792,-9.898546e-01, 0.502247972,Clust3,Clust2,0.000010,0.000010,0.857399,0.142581,0.029868,0.970132
KP0202_AC_SQ12,SQ12,SQ,10-12, 0.90603225,-1.32083075,-4.249666e-01, 1.520572681,Clust3,Clust2,0.014629,0.073210,0.762540,0.149621,0.026691,0.973309
KP0209_AC_SQ12,SQ12,SQ,10-12, 0.86147949,-1.30724135,-1.126590e+00, 0.987517477,Clust3,Clust2,0.000010,0.131631,0.814832,0.053527,0.000010,0.999990
KP0214_AC_SQ20,SQ20,SQ,20, 0.53113053,-1.05069683,-4.820929e-01, 1.037158321,Clust3,Clust2,0.000010,0.000010,0.999970,0.000010,0.027194,0.972806
KP0218_AC_SQ20,SQ20,SQ,20,-8.38254707, 0.16866320, 1.019749e-01, 0.380068005,Clust1,Clust1,0.999970,0.000010,0.000010,0.000010,0.999990,0.000010
KP0220_AC_SQ20,SQ20,SQ,20, 0.28602692,-0.79682789,-6.681162e-01, 0.335961125,Clust3,Clust2,0.018698,0.112408,0.868883,0.000010,0.015196,0.984804
KP0222_AC_SQ20,SQ20,SQ,20, 0.55234249,-1.15421282,-9.429479e-02,-0.061612866,Clust3,Clust2,0.000010,0.000010,0.791208,0.208772,0.011494,0.988506
KP0225_AC_SQ20,SQ20,SQ,20, 0.73089308,-0.97501581,-8.334196e-01, 0.366086057,Clust3,Clust2,0.000010,0.069587,0.930393,0.000010,0.000010,0.999990
KP0229_AC_SQ20,SQ20,SQ,20, 0.60325998,-1.08440455,-2.877564e-01, 2.148131888,Clust3,Clust2,0.000010,0.000010,0.992554,0.007426,0.024146,0.975854
KP0235_AC_SQ20,SQ20,SQ,20,-5.71256000, 0.48902736,-5.729787e-03,-0.306289731,Clust1,Clust1,0.999970,0.000010,0.000010,0.000010,0.999990,0.000010
KP0236_AC_SQ20,SQ20,SQ,20, 0.57681662,-1.05324019,-1.309891e+00, 0.206814146,Clust3,Clust2,0.000010,0.082026,0.917192,0.000773,0.000010,0.999990
KP0237_AC_SQ20,SQ20,SQ,20, 0.83784192,-0.95908904,-7.310155e-01, 0.940805642,Clust3,Clust2,0.000010,0.079410,0.828186,0.092393,0.000010,0.999990
KP0241_AC_SQ20,SQ20,SQ,20,-8.05502149, 0.19691484, 2.796787e-01,-0.330342090,Clust1,Clust1,0.999970,0.000010,0.000010,0.000010,0.999990,0.000010
KP0242_AC_SQ20,SQ20,SQ,20, 0.40246272,-0.92787483,-7.048894e-01, 1.527336232,Clust3,Clust2,0.000010,0.175431,0.746245,0.078314,0.037659,0.962341
KP0243_AC_SQ20,SQ20,SQ,20,-8.21468221, 0.32949665,-9.108295e-02, 0.675247915,Clust1,Clust1,0.999970,0.000010,0.000010,0.000010,0.999990,0.000010
KP0247_AC_SQ20,SQ20,SQ,20,-7.60764586, 0.51937636, 4.132207e-02, 0.328769081,Clust1,Clust1,0.999970,0.000010,0.000010,0.000010,0.999990,0.000010
KP0251_AC_SQ20,SQ20,SQ,20, 1.02772577,-1.07173295,-7.600307e-01,-0.048192965,Clust3,Clust2,0.000010,0.083909,0.895787,0.020294,0.000010,0.999990
KP0255_AC_SQ20,SQ20,SQ,20,-8.01633368, 0.45707141, 2.045998e-01, 0.089794796,Clust1,Clust1,0.999970,0.000010,0.000010,0.000010,0.999990,0.000010
KP0257_AC_SQ20,SQ20,SQ,20, 0.80053362,-1.54516471,-2.485208e-01, 3.701667853,Clust4,Clust2,0.000010,0.000010,0.000010,0.999970,0.000010,0.999990
KP0259_AC_SQ20,SQ20,SQ,20,-8.21532324, 0.09267693,-1.895022e-01, 0.456048996,Clust1,Clust1,0.999970,0.000010,0.000010,0.000010,0.999990,0.000010
KP0261_AC_SQ20,SQ20,SQ,20, 1.10684380,-1.65167723,-4.000136e-01, 3.358533540,Clust4,Clust2,0.000010,0.000010,0.339033,0.660947,0.000010,0.999990
KP0269_AC_SQ20,SQ20,SQ,20, 0.60104420,-1.31348117, 1.476699e-02, 1.067490044,Clust3,Clust2,0.001303,0.012553,0.496942,0.489202,0.025460,0.974540
KP0272_AC_SQ20,SQ20,SQ,20, 0.56181941,-1.65356708,-5.239926e-01, 0.894187666,Clust3,Clust2,0.000010,0.058172,0.891932,0.049887,0.000010,0.999990
KP0279_AC_SQ20,SQ20,SQ,20, 0.85003663,-1.14546721,-7.675528e-01, 0.135169060,Clust3,Clust2,0.000010,0.118685,0.777137,0.104168,0.000010,0.999990
KP0284_AC_SQ20,SQ20,SQ,20, 1.41547737,-1.36997047,-6.583138e-01, 0.783511224,Clust3,Clust2,0.000010,0.000010,0.816641,0.183339,0.000010,0.999990
KP0289_AC_WP20,WP20,WP,20, 1.20127174, 1.19271579, 3.890366e-01,-1.211252009,Clust2,Clust2,0.000010,0.999970,0.000010,0.000010,0.000010,0.999990
KP0291_AC_WP20,WP20,WP,20, 0.87221781, 1.54388242, 1.517273e-02, 0.127436015,Clust2,Clust2,0.000010,0.999970,0.000010,0.000010,0.000010,0.999990
KP0292_AC_WP20,WP20,WP,20, 0.76664211, 1.19874161,-5.199117e-01,-0.688787052,Clust2,Clust2,0.000010,0.999970,0.000010,0.000010,0.000010,0.999990
KP0294_AC_WP20,WP20,WP,20, 1.01978786, 1.27026941,-3.071835e-01,-0.824169818,Clust2,Clust2,0.000010,0.913152,0.000010,0.086828,0.000010,0.999990
KP0296_AC_WP20,WP20,WP,20, 1.13732812, 1.41797521, 7.956591e-01,-0.449507528,Clust2,Clust2,0.000010,0.999970,0.000010,0.000010,0.000010,0.999990
KP0301_AC_WP20,WP20,WP,20, 0.77891468, 1.19214527, 2.162469e-01,-0.150388864,Clust2,Clust2,0.007183,0.960013,0.000010,0.032794,0.000010,0.999990
KP0304_AC_WP20,WP20,WP,20, 1.05344155, 2.24053699, 7.798330e-01, 1.555552386,Clust2,Clust2,0.000010,0.999970,0.000010,0.000010,0.000010,0.999990
KP0305_AC_WP20,WP20,WP,20, 0.95572377, 1.07769867, 1.474072e-01,-0.960087588,Clust2,Clust2,0.000010,0.904233,0.015680,0.080077,0.000010,0.999990
KP0311_AC_WP20,WP20,WP,20,-8.81630341, 0.47494787, 1.544208e-02, 0.328750367,Clust1,Clust1,0.999970,0.000010,0.000010,0.000010,0.999990,0.000010
KP0314_AC_WP20,WP20,WP,20, 0.94089450, 1.84262992,-1.194924e+00,-0.042427045,Clust2,Clust2,0.000010,0.978544,0.000010,0.021436,0.000010,0.999990
KP0317_AC_WP20,WP20,WP,20, 0.64163957, 0.56227762,-3.354123e-01, 0.513867825,Clust2,Clust2,0.000010,0.810246,0.038082,0.151662,0.000010,0.999990
KP0323_AC_WP20,WP20,WP,20, 0.79513940, 1.32507172,-7.840843e-01,-0.913237622,Clust2,Clust2,0.000010,0.999970,0.000010,0.000010,0.000010,0.999990
KP0326_AC_WP20,WP20,WP,20, 0.96430580, 1.38427656,-6.961776e-01,-0.046387269,Clust2,Clust2,0.000010,0.927400,0.072580,0.000010,0.000010,0.999990
KP0329_AC_WP20,WP20,WP,20, 1.30943000, 1.15994456,-4.812836e-02, 0.197382849,Clust2,Clust2,0.000010,0.999970,0.000010,0.000010,0.000010,0.999990
KP0332_AC_WP20,WP20,WP,20, 0.92832233, 1.68781686,-2.211262e-01,-1.144114293,Clust2,Clust2,0.000010,0.999970,0.000010,0.000010,0.000010,0.999990
KP0335_AC_WP20,WP20,WP,20, 1.17367567, 1.68090290, 5.188163e-01,-0.082677333,Clust2,Clust2,0.000010,0.999970,0.000010,0.000010,0.000010,0.999990
KP0340_AC_WP20,WP20,WP,20, 0.14197506,-1.48330441,-3.761783e-01, 0.002238142,Clust3,Clust2,0.001456,0.000010,0.898616,0.099919,0.032650,0.967350
KP0346_AC_WP20,WP20,WP,20, 1.17549136, 0.61509457,-8.276509e-01, 0.086290102,Clust2,Clust2,0.000010,0.685935,0.314045,0.000010,0.000010,0.999990
KP0347_AC_WP20,WP20,WP,20,-8.81886552,-0.11540567, 5.514219e-02, 0.340380474,Clust1,Clust1,0.999970,0.000010,0.000010,0.000010,0.999990,0.000010
KP0354_AC_WP20,WP20,WP,20, 1.06377702, 1.54846906, 1.110556e-01, 0.104777520,Clust2,Clust2,0.000010,0.999970,0.000010,0.000010,0.000010,0.999990
KP0355_AC_WP20,WP20,WP,20, 0.69122503, 1.07258370, 2.022473e-01, 0.274250927,Clust2,Clust2,0.000010,0.999970,0.000010,0.000010,0.000010,0.999990
KP0360_AC_WP20,WP20,WP,20, 1.39890648, 1.27506402, 1.734311e-01, 0.305372868,Clust2,Clust2,0.000010,0.999970,0.000010,0.000010,0.000010,0.999990
KP0365_AC_WP20,WP20,WP,20, 1.39473990, 1.32069662,-8.465766e-01, 0.553009416,Clust2,Clust2,0.000010,0.999970,0.000010,0.000010,0.000010,0.999990
KP0368_AC_WP20,WP20,WP,20, 1.37986552, 0.44502311, 4.289160e-01,-0.187044479,Clust2,Clust2,0.000010,0.838945,0.043204,0.117841,0.000010,0.999990
KP0369_AC_WP20,WP20,WP,20,-8.58106472, 0.36066173,-3.729791e-01,-0.137000322,Clust1,Clust1,0.999970,0.000010,0.000010,0.000010,0.999990,0.000010
KP0372_AC_WP20,WP20,WP,20, 0.56169314, 1.68973791, 4.143406e-03, 0.047555367,Clust2,Clust2,0.000010,0.968951,0.000010,0.031029,0.000010,0.999990
KP0374_AC_WP20,WP20,WP,20, 1.32504648, 1.30731726, 8.197094e-01,-0.028348903,Clust2,Clust2,0.000010,0.912300,0.000010,0.087680,0.000010,0.999990
KP0379_AC_WP20,WP20,WP,20,-6.12618770, 0.07215152, 2.327069e-01,-0.313600185,Clust1,Clust1,0.999970,0.000010,0.000010,0.000010,0.999990,0.000010
KP0383_AC_WP20,WP20,WP,20, 1.14095725, 1.30037868,-2.760564e-01, 0.302244985,Clust2,Clust2,0.000010,0.999970,0.000010,0.000010,0.000010,0.999990
KP0395_AC_WP20,WP20,WP,20,-9.05950313, 0.04967728,-8.499995e-02,-0.286897765,Clust1,Clust1,0.999970,0.000010,0.000010,0.000010,0.999990,0.000010
KP0396_AC_WP20,WP20,WP,20,-9.09527778, 0.07578939,-1.812850e-01,-0.280371642,Clust1,Clust1,0.999962,0.000018,0.000010,0.000010,0.999990,0.000010
KP0399_LM_WP20,WP20,WP,20,-8.67566508, 0.19183083,-7.349886e-06,-0.133247660,Clust1,Clust1,0.999970,0.000010,0.000010,0.000010,0.999990,0.000010
KP0405_AC_WP20,WP20,WP,20, 1.47211912, 0.80029071, 1.426861e-01,-0.095853969,Clust2,Clust2,0.000010,0.881362,0.000010,0.118618,0.000010,0.999990
KP0406_NA_NANA,WP20,WP,20, 1.12573543, 1.39498583, 1.608138e-01,-0.743486353,Clust2,Clust2,0.000010,0.976978,0.000010,0.023002,0.000010,0.999990
KP0407_AC_CA05,CA05,CA,5, 0.86220637,-0.83312471, 1.081556e+00,-0.620668696,Clust4,Clust2,0.000010,0.031340,0.108123,0.860528,0.000010,0.999990
KP0408_AC_CA05,CA05,CA,5, 1.08257150,-0.82272119, 1.275395e+00, 0.822771797,Clust4,Clust2,0.001276,0.098121,0.000010,0.900593,0.013195,0.986805
KP0409_AC_CA05,CA05,CA,5, 0.77587973,-1.18428176, 1.386827e+00,-0.081235236,Clust4,Clust2,0.000010,0.000010,0.328793,0.671187,0.000010,0.999990
KP0424_AC_CA05,CA05,CA,5, 1.42599315,-1.47313495, 1.856359e+00, 0.283393530,Clust4,Clust2,0.000010,0.000010,0.000010,0.999970,0.000010,0.999990
KP0431_HU_CA05,CA05,CA,5, 0.83453729,-0.50327048, 1.464141e+00,-0.522534934,Clust4,Clust2,0.000010,0.153856,0.000010,0.846124,0.000010,0.999990
KP0441_AC_CA05,CA05,CA,5, 0.86106887,-0.37906048, 1.589911e+00,-0.031617897,Clust4,Clust2,0.000010,0.235031,0.000010,0.764949,0.000010,0.999990
KP0450_AC_WP20,WP20,WP,20, 1.44601596, 1.56629300,-2.561263e-01, 0.357792702,Clust2,Clust2,0.000010,0.999970,0.000010,0.000010,0.000010,0.999990
KP0452_AC_WP20,WP20,WP,20,-8.88676399, 0.47657037, 1.581544e-01, 0.216739342,Clust1,Clust1,0.999970,0.000010,0.000010,0.000010,0.999990,0.000010
KP0454_AC_WP20,WP20,WP,20, 1.26727853, 1.53802714, 1.478856e-01, 0.306702817,Clust2,Clust2,0.000010,0.974499,0.000010,0.025481,0.000010,0.999990
KP0457_AC_WP20,WP20,WP,20, 1.42924417, 1.24324550,-2.614407e-01,-0.970301080,Clust2,Clust2,0.000010,0.999970,0.000010,0.000010,0.000010,0.999990
KP0462_AC_WP20,WP20,WP,20, 1.21482756, 1.58734045,-3.616516e-01, 1.691424776,Clust2,Clust2,0.000010,0.999970,0.000010,0.000010,0.000010,0.999990
KP0463_AC_WP20,WP20,WP,20,-5.93511469, 0.45767927,-6.159754e-02, 0.054824836,Clust1,Clust1,0.999970,0.000010,0.000010,0.000010,0.999990,0.000010
KP0464_AC_WP20,WP20,WP,20, 0.86950615, 1.22487767,-4.526281e-02, 0.140658783,Clust2,Clust2,0.000010,0.999970,0.000010,0.000010,0.000010,0.999990
KP0468_AC_WP20,WP20,WP,20, 1.72359806, 1.37594543, 9.237602e-01, 1.087150864,Clust2,Clust2,0.000010,0.999970,0.000010,0.000010,0.000010,0.999990
KP0470_AC_WP20,WP20,WP,20, 1.11063392, 1.06929174, 3.075094e-01,-0.090863911,Clust2,Clust2,0.000010,0.999970,0.000010,0.000010,0.000010,0.999990
KP0471_AC_WP20,WP20,WP,20, 1.60710307, 1.02566697, 4.376063e-01, 0.557574391,Clust2,Clust2,0.000010,0.999970,0.000010,0.000010,0.000010,0.999990
KP0477_AC_WP20,WP20,WP,20, 0.78733907, 0.60001183, 5.636981e-01,-0.800066811,Clust2,Clust2,0.000010,0.876161,0.000010,0.123819,0.000010,0.999990
KP0479_AC_WP20,WP20,WP,20, 0.83542071, 1.38855631,-4.962886e-01,-0.094017825,Clust2,Clust2,0.000010,0.999970,0.000010,0.000010,0.000010,0.999990
KP0481_AC_WP20,WP20,WP,20, 1.51903166, 1.84893142, 5.988754e-02,-0.250373674,Clust2,Clust2,0.000010,0.999970,0.000010,0.000010,0.000010,0.999990
KP0484_AC_WP20,WP20,WP,20, 0.79539328, 1.34405905,-3.907841e-01,-0.134994347,Clust2,Clust2,0.000010,0.999970,0.000010,0.000010,0.000010,0.999990
KP0485_AC_WP20,WP20,WP,20, 1.27177186, 0.87808233,-5.269884e-01, 0.221016217,Clust2,Clust2,0.000010,0.838850,0.061907,0.099233,0.000010,0.999990
KP0486_AC_WP20,WP20,WP,20,-8.31599104, 0.28036733, 1.669064e-02,-0.397185989,Clust1,Clust1,0.999970,0.000010,0.000010,0.000010,0.999990,0.000010
KP0487_AC_WP20,WP20,WP,20, 0.78139302, 1.61677270,-1.163420e-01,-1.521630273,Clust2,Clust2,0.000010,0.999970,0.000010,0.000010,0.000010,0.999990
KP0489_AC_WP20,WP20,WP,20, 1.36778742, 1.14486980,-5.147537e-02,-0.822443810,Clust2,Clust2,0.000010,0.999970,0.000010,0.000010,0.000010,0.999990
KP0490_AC_WP20,WP20,WP,20, 1.60997187, 1.89485643,-1.101471e-02, 0.637246279,Clust2,Clust2,0.000010,0.999970,0.000010,0.000010,0.000010,0.999990
KP0491_AC_WP20,WP20,WP,20, 0.89495631, 2.30403929, 5.261024e-01,-0.372184861,Clust2,Clust2,0.000010,0.999970,0.000010,0.000010,0.000010,0.999990
KP0494_AC_WP20,WP20,WP,20, 1.54061740, 1.71143814,-1.827274e-02, 1.136134511,Clust2,Clust2,0.000010,0.999970,0.000010,0.000010,0.000010,0.999990
KP0505_AC_WP20,WP20,WP,20, 1.00140532, 0.45762988,-4.833986e-01,-0.255780532,Clust2,Clust2,0.000010,0.999970,0.000010,0.000010,0.000010,0.999990
KP0508_AC_WP20,WP20,WP,20, 1.62966492, 1.42447335, 3.598794e-01, 1.870547634,Clust2,Clust2,0.000010,0.999970,0.000010,0.000010,0.000010,0.999990
KP0512_AC_WP20,WP20,WP,20, 1.50397033, 1.53086854, 3.559243e-01, 0.028121861,Clust2,Clust2,0.000010,0.999970,0.000010,0.000010,0.000010,0.999990
KP0516_AC_WP20,WP20,WP,20, 1.23417445, 1.62073835,-1.512223e-01, 0.526954209,Clust2,Clust2,0.000010,0.999970,0.000010,0.000010,0.000010,0.999990
KP0521_AC_WP20,WP20,WP,20, 1.43780569, 1.67394328,-6.611765e-03, 1.922991983,Clust2,Clust2,0.000010,0.999970,0.000010,0.000010,0.000010,0.999990
KP0523_AC_WP20,WP20,WP,20, 0.88061422, 1.04262276, 6.483541e-01, 0.374500110,Clust2,Clust2,0.014305,0.888439,0.000010,0.097247,0.008407,0.991593
KP0530_AC_WP20,WP20,WP,20, 0.88046490, 1.45712698, 1.474118e-02, 0.969656068,Clust2,Clust2,0.013919,0.986061,0.000010,0.000010,0.000010,0.999990
KP0532_AC_WP20,WP20,WP,20, 0.98202833, 1.64159026,-6.419343e-01,-1.149251872,Clust2,Clust2,0.000010,0.999970,0.000010,0.000010,0.000010,0.999990
KP0533_AC_WP20,WP20,WP,20, 1.04734955, 1.69916199,-7.726605e-02,-0.445262329,Clust2,Clust2,0.000010,0.999970,0.000010,0.000010,0.000010,0.999990
KP0535_AC_WP20,WP20,WP,20, 0.97564180, 1.78178769,-2.105527e-01, 0.351542103,Clust2,Clust2,0.000010,0.999970,0.000010,0.000010,0.000010,0.999990
KP0536_AC_WP20,WP20,WP,20, 1.25279406, 1.52733894,-4.121093e-01,-0.687206476,Clust2,Clust2,0.000010,0.999970,0.000010,0.000010,0.000010,0.999990
KP0537_AC_WP20,WP20,WP,20, 0.45692909, 1.75687311,-1.411249e-01,-0.976825522,Clust2,Clust2,0.000010,0.999970,0.000010,0.000010,0.000010,0.999990
KP0545_AC_WP20,WP20,WP,20, 1.10940492, 1.81438221, 1.267560e-01,-0.713331613,Clust2,Clust2,0.005413,0.913783,0.000010,0.080794,0.000010,0.999990
KP0546_AC_WP20,WP20,WP,20, 0.93597728, 0.96363711,-5.452350e-02, 1.294327865,Clust2,Clust2,0.000010,0.868611,0.053909,0.077469,0.000010,0.999990
KP0554_AC_WP20,WP20,WP,20, 1.63196115, 0.96948716, 8.351595e-01, 0.355779452,Clust2,Clust2,0.000010,0.999970,0.000010,0.000010,0.000010,0.999990
KP0559_AC_WP20,WP20,WP,20,-6.87026939, 0.24130171,-2.231063e-02, 0.082866554,Clust1,Clust1,0.999970,0.000010,0.000010,0.000010,0.999990,0.000010
KP0563_AC_WP20,WP20,WP,20,-8.72548092, 0.33278912, 1.388313e-01,-0.165795917,Clust1,Clust1,0.999970,0.000010,0.000010,0.000010,0.999990,0.000010
KP0568_AC_WP20,WP20,WP,20, 1.24824905, 1.19996658,-4.456298e-01, 0.839492753,Clust2,Clust2,0.000010,0.967846,0.032134,0.000010,0.007133,0.992867
KP0569_AC_WP20,WP20,WP,20,-9.24793997, 0.47277726, 7.154114e-02, 0.060293029,Clust1,Clust1,0.999970,0.000010,0.000010,0.000010,0.999990,0.000010
KP0571_AC_WP20,WP20,WP,20, 1.13688756, 1.51479930,-4.303523e-01, 0.362757426,Clust2,Clust2,0.000010,0.999970,0.000010,0.000010,0.000010,0.999990
KP0572_AC_WP20,WP20,WP,20, 1.65286525, 1.49037011, 1.415294e-01, 0.198376056,Clust2,Clust2,0.000010,0.976943,0.023037,0.000010,0.000010,0.999990
KP0575_AC_WP20,WP20,WP,20,-8.89748302, 0.17381917, 6.368139e-02,-0.098712722,Clust1,Clust1,0.999970,0.000010,0.000010,0.000010,0.999990,0.000010
KP0576_AC_WP20,WP20,WP,20,-8.77921065, 0.01604334,-1.627879e-01,-0.527300421,Clust1,Clust1,0.999970,0.000010,0.000010,0.000010,0.999990,0.000010
KP0579_AC_WP20,WP20,WP,20, 1.10170431, 0.97341844,-2.235963e-02,-0.498461332,Clust2,Clust2,0.000010,0.999970,0.000010,0.000010,0.000010,0.999990
KP0581_AC_WP20,WP20,WP,20,-8.89823583, 0.03674719,-1.484898e-01, 0.018674091,Clust1,Clust1,0.999970,0.000010,0.000010,0.000010,0.999990,0.000010
KP0584_AC_WP20,WP20,WP,20,-8.97328112, 0.11270438,-1.395397e-01, 0.199674392,Clust1,Clust1,0.999970,0.000010,0.000010,0.000010,0.999990,0.000010
KP0590_AC_WP20,WP20,WP,20,-8.57937349, 0.48063608, 3.011915e-01, 0.230578010,Clust1,Clust1,0.999970,0.000010,0.000010,0.000010,0.999990,0.000010
KP0593_AC_SB20,SB20,SB,20, 0.60861850,-0.90425741,-6.583072e-01,-1.047475039,Clust3,Clust2,0.000010,0.169828,0.830152,0.000010,0.000010,0.999990
KP0596_AC_SB20,SB20,SB,20, 1.23842691,-1.10454656,-2.445086e-01,-0.247097164,Clust3,Clust2,0.000010,0.167394,0.832586,0.000010,0.003520,0.996480
KP0600_AC_SB20,SB20,SB,20, 0.74559603,-1.46629407,-1.048619e+00,-1.521431714,Clust3,Clust2,0.000010,0.000010,0.999970,0.000010,0.000010,0.999990
KP0604_AC_SB20,SB20,SB,20, 0.81824635,-1.48456185,-1.525487e+00, 0.123129202,Clust3,Clust2,0.000010,0.000010,0.999970,0.000010,0.000010,0.999990
KP0607_AC_SB20,SB20,SB,20,-8.31022104, 0.56782558, 1.964750e-01, 0.303018946,Clust1,Clust1,0.999964,0.000016,0.000010,0.000010,0.999990,0.000010
KP0608_AC_SB20,SB20,SB,20, 1.20266981, 1.30078649, 2.193152e-01,-0.389887263,Clust2,Clust2,0.000010,0.999970,0.000010,0.000010,0.000010,0.999990
KP0611_LM_SB20,SB20,SB,20, 0.57634146,-1.56137904,-1.117886e+00, 0.187893711,Clust3,Clust2,0.000010,0.000010,0.999970,0.000010,0.006815,0.993185
KP0625_AC_SB20,SB20,SB,20, 0.73728520,-1.49850816,-8.523524e-01,-1.630813959,Clust3,Clust2,0.012092,0.064528,0.923370,0.000010,0.010588,0.989412
KP0626_AC_SB20,SB20,SB,20, 0.73165315,-1.30321669,-6.661425e-01, 0.292159847,Clust3,Clust2,0.000010,0.000010,0.999970,0.000010,0.000010,0.999990
KP0636_AC_SB20,SB20,SB,20, 0.04282858,-1.26862827,-1.017718e+00,-0.509641134,Clust3,Clust2,0.024411,0.000010,0.975569,0.000010,0.060542,0.939458
KP0638_AC_SB20,SB20,SB,20, 0.43638410,-0.93284833,-8.162464e-01, 0.569555923,Clust3,Clust2,0.000010,0.096293,0.769691,0.134006,0.001873,0.998127
KP0640_AC_SB20,SB20,SB,20, 1.54470475,-2.02114949,-7.413117e-01,-0.844769481,Clust3,Clust2,0.000010,0.000010,0.923451,0.076529,0.000010,0.999990
KP0643_AC_SB20,SB20,SB,20, 1.37767519,-1.13627238,-1.594491e+00, 0.174153940,Clust3,Clust2,0.000010,0.059272,0.940708,0.000010,0.000010,0.999990
KP0645_AC_SB20,SB20,SB,20, 0.61539225,-1.84024922,-1.148210e+00,-0.214479000,Clust3,Clust2,0.000010,0.000010,0.999970,0.000010,0.000010,0.999990
KP0646_AC_SB20,SB20,SB,20, 0.79518076,-1.23883616,-1.113187e+00,-0.509513496,Clust3,Clust2,0.000010,0.045534,0.954446,0.000010,0.000010,0.999990
KP0647_AC_SB20,SB20,SB,20, 0.59362648,-2.20859317,-5.956646e-01,-1.010664783,Clust3,Clust2,0.000010,0.000010,0.999970,0.000010,0.011891,0.988109
KP0648_AC_SB20,SB20,SB,20, 0.06204593,-1.20485789,-4.733025e-01,-0.827707031,Clust3,Clust2,0.035482,0.096702,0.867806,0.000010,0.060739,0.939261
KP0649_AC_SB20,SB20,SB,20, 1.17335958,-1.44810824,-3.158295e-01,-0.574829935,Clust3,Clust2,0.000010,0.092972,0.773000,0.134018,0.000010,0.999990
KP0652_AC_SB20,SB20,SB,20, 0.84516776,-1.08762719,-8.980357e-01,-0.429508884,Clust3,Clust2,0.000010,0.058377,0.807501,0.134111,0.000010,0.999990
KP0654_AC_SB20,SB20,SB,20, 0.70050048,-1.22194539,-5.231934e-01,-0.272738515,Clust3,Clust2,0.000010,0.000010,0.993712,0.006268,0.000010,0.999990
KP0660_AC_SB20,SB20,SB,20, 0.92688058,-1.54206798,-6.610207e-01,-1.024428804,Clust3,Clust2,0.000010,0.000010,0.999970,0.000010,0.000010,0.999990
KP0661_AC_SB20,SB20,SB,20, 0.44351831,-0.95499112,-8.989579e-01,-0.145212026,Clust3,Clust2,0.000010,0.056791,0.892933,0.050266,0.000010,0.999990
KP0662_AC_SB20,SB20,SB,20, 0.69089911,-1.11807739,-1.231727e+00,-0.384078337,Clust3,Clust2,0.000010,0.001738,0.998242,0.000010,0.009934,0.990066
KP0665_AC_SB20,SB20,SB,20, 1.08917576,-0.85644362,-1.090308e+00, 0.181521286,Clust3,Clust2,0.000010,0.096802,0.903178,0.000010,0.025264,0.974736
KP0667_AC_SB20,SB20,SB,20, 0.83702952,-1.38004160,-4.079759e-01,-0.595343658,Clust3,Clust2,0.009142,0.000010,0.924134,0.066714,0.024737,0.975263
KP0668_AC_SB20,SB20,SB,20, 0.64559237,-1.28654186,-9.350785e-01, 0.469626176,Clust3,Clust2,0.023206,0.000010,0.976774,0.000010,0.040843,0.959157
KP0669_AC_SB20,SB20,SB,20, 0.58344466,-1.36038222,-1.161637e+00, 0.436482935,Clust3,Clust2,0.000010,0.000010,0.999970,0.000010,0.000010,0.999990
KP0678_AC_SB20,SB20,SB,20,-8.47368981,-0.09651314, 9.483892e-02, 0.488217849,Clust1,Clust1,0.999970,0.000010,0.000010,0.000010,0.999990,0.000010
KP0679_AC_SB20,SB20,SB,20, 0.25676888,-1.52657987,-1.144777e+00,-0.394872700,Clust3,Clust2,0.000010,0.000010,0.999970,0.000010,0.042179,0.957821
KP0686_AC_SB20,SB20,SB,20, 0.58411780,-1.33066477,-5.453606e-01,-0.412492176,Clust3,Clust2,0.000010,0.012492,0.987488,0.000010,0.000010,0.999990
KP0688_AC_SB20,SB20,SB,20, 0.63221157,-2.25358901,-4.919409e-01,-0.515253213,Clust3,Clust2,0.000010,0.000010,0.999970,0.000010,0.010572,0.989428
KP0690_AC_SB20,SB20,SB,20,-8.22269076, 0.27224266, 1.556698e-01, 0.462368926,Clust1,Clust1,0.999970,0.000010,0.000010,0.000010,0.999990,0.000010
KP0691_AC_SB20,SB20,SB,20, 0.40057460,-1.61324223,-7.030948e-01,-1.511138261,Clust3,Clust2,0.000010,0.000010,0.999970,0.000010,0.023507,0.976493
KP0696_AC_SB20,SB20,SB,20,-8.43679645, 0.31855369, 1.974792e-01, 0.273934791,Clust1,Clust1,0.999968,0.000010,0.000012,0.000010,0.999990,0.000010
KP0698_AC_SB20,SB20,SB,20, 0.76221868,-1.98661936,-4.306302e-01,-0.749688525,Clust3,Clust2,0.000010,0.000010,0.999970,0.000010,0.000010,0.999990
KP0703_AC_SB20,SB20,SB,20, 0.44775569,-1.13774363,-1.133389e+00,-1.111929649,Clust3,Clust2,0.000010,0.122736,0.877244,0.000010,0.000010,0.999990
KP0704_AC_SB20,SB20,SB,20, 0.51281356,-1.82804393,-1.401742e+00, 0.128316501,Clust3,Clust2,0.000010,0.000010,0.999970,0.000010,0.000010,0.999990
KP0708_AC_SB20,SB20,SB,20, 0.58946751,-1.97259500,-8.530224e-01,-0.819065411,Clust3,Clust2,0.000010,0.000010,0.882541,0.117439,0.031150,0.968850
KP0711_AC_SB20,SB20,SB,20, 0.68352520,-1.20630908,-7.212197e-01,-0.427287546,Clust3,Clust2,0.000010,0.015892,0.984088,0.000010,0.001690,0.998310
KP0712_AC_SB20,SB20,SB,20, 0.75528817,-0.68046135,-5.410035e-01, 0.239854030,Clust3,Clust2,0.000010,0.094176,0.905804,0.000010,0.000010,0.999990
KP0714_AC_SB20,SB20,SB,20, 0.60165731,-1.95090646,-2.054428e+00,-0.072183009,Clust3,Clust2,0.000010,0.000010,0.999970,0.000010,0.017644,0.982356
KP0717_AC_SB20,SB20,SB,20, 0.58447592,-1.39264898,-1.110579e+00, 1.041910586,Clust3,Clust2,0.000010,0.000010,0.999970,0.000010,0.000010,0.999990
KP0720_AC_SB20,SB20,SB,20, 0.73222949,-1.38178753,-9.443989e-01,-0.566071686,Clust3,Clust2,0.000010,0.000010,0.999970,0.000010,0.000010,0.999990
KP0724_AC_SB20,SB20,SB,20, 0.60698576,-0.31241333,-4.124646e-01, 0.183069045,Clust3,Clust2,0.000010,0.246850,0.753130,0.000010,0.000010,0.999990
KP0727_AC_SB20,SB20,SB,20, 0.60631275,-1.29076513,-3.152626e-01,-0.561004585,Clust3,Clust2,0.000010,0.000010,0.906706,0.093274,0.020321,0.979679
KP0730_AC_SB20,SB20,SB,20, 0.93305516,-1.19747698,-4.150241e-01,-0.559171462,Clust3,Clust2,0.000010,0.099338,0.875616,0.025036,0.000010,0.999990
KP0734_AC_SB20,SB20,SB,20, 0.36989120,-1.39097206,-3.092831e-01,-0.199691817,Clust3,Clust2,0.000911,0.055118,0.539912,0.404059,0.022212,0.977788
KP0742_AC_WP10,WP10,WP,10-12, 1.03111085, 1.33991564, 1.281138e-01, 0.461537279,Clust2,Clust2,0.000010,0.999970,0.000010,0.000010,0.000010,0.999990
KP0746_AC_WP10,WP10,WP,10-12, 1.13455604, 1.94178260,-1.807127e-01,-0.001633241,Clust2,Clust2,0.000010,0.944575,0.055405,0.000010,0.000010,0.999990
KP0747_AC_WP20,WP20,WP,20, 1.17844758, 1.17532900, 3.976179e-02,-0.004977558,Clust2,Clust2,0.000010,0.977421,0.000010,0.022559,0.000010,0.999990
KP0748_AC_WP10,WP10,WP,10-12, 1.24487324, 1.30031284,-3.887120e-01, 0.385088311,Clust2,Clust2,0.000010,0.999970,0.000010,0.000010,0.000010,0.999990
KP0749_AC_WP20,WP20,WP,20, 1.15037638, 0.90084967,-3.590936e-01, 0.501286642,Clust2,Clust2,0.000010,0.985173,0.014807,0.000010,0.000010,0.999990
KP0751_AC_WP10,WP10,WP,10-12, 1.12849593, 1.63410892,-2.663815e-01, 0.015413173,Clust2,Clust2,0.000010,0.999970,0.000010,0.000010,0.000010,0.999990
KP0753_AC_WP10,WP10,WP,10-12, 1.01406894, 0.99299451, 6.308931e-01,-0.121049203,Clust2,Clust2,0.000010,0.838043,0.080082,0.081865,0.000010,0.999990
KP0757_AC_WP10,WP10,WP,10-12, 1.09100523, 1.49611338, 9.599612e-03, 0.022559084,Clust2,Clust2,0.000010,0.999970,0.000010,0.000010,0.000010,0.999990
KP0758_AC_WP10,WP10,WP,10-12, 1.17409449, 0.97864578,-1.711069e-01,-0.221909410,Clust2,Clust2,0.000010,0.999970,0.000010,0.000010,0.000010,0.999990
KP0760_AC_WP10,WP10,WP,10-12, 1.37764995, 1.23010120,-1.279674e-01, 0.750738587,Clust2,Clust2,0.000010,0.882109,0.000010,0.117871,0.000010,0.999990
KP0761_AC_WP10,WP10,WP,10-12, 1.36848957, 1.88861988,-3.799556e-01,-0.183160290,Clust2,Clust2,0.000010,0.999970,0.000010,0.000010,0.000010,0.999990
KP0767_AC_WP10,WP10,WP,10-12, 0.93997365, 1.34974085,-3.398689e-01, 0.559683786,Clust2,Clust2,0.000010,0.999970,0.000010,0.000010,0.000010,0.999990
KP0769_AC_WP10,WP10,WP,10-12,-8.93426644, 0.35463796, 5.775707e-01,-0.424481047,Clust1,Clust1,0.999970,0.000010,0.000010,0.000010,0.999990,0.000010
KP0771_AC_WP10,WP10,WP,10-12, 1.26398210, 1.89379277,-1.841845e-01, 0.518220790,Clust2,Clust2,0.000010,0.999970,0.000010,0.000010,0.000010,0.999990
KP0773_AC_WP10,WP10,WP,10-12, 0.96100708, 1.78787394, 1.314814e-01, 1.018956046,Clust2,Clust2,0.000010,0.930706,0.069274,0.000010,0.000010,0.999990
KP0777_AC_WP10,WP10,WP,10-12, 0.68004617, 0.80957836,-4.638961e-01,-0.526392065,Clust2,Clust2,0.000010,0.834211,0.165769,0.000010,0.000010,0.999990
KP0779_AC_WP10,WP10,WP,10-12, 1.36752729, 1.17322491, 2.027702e-01,-0.519192722,Clust2,Clust2,0.000010,0.998770,0.000010,0.001210,0.000010,0.999990
KP0787_AC_WP10,WP10,WP,10-12, 0.98173321, 0.72262221, 5.061682e-01, 0.771430871,Clust2,Clust2,0.000010,0.930433,0.007864,0.061693,0.000010,0.999990
KP0792_AC_WP10,WP10,WP,10-12, 1.08994949, 1.81956350, 8.186548e-02, 1.211807151,Clust2,Clust2,0.000010,0.984675,0.015305,0.000010,0.000010,0.999990
KP0793_AC_WP10,WP10,WP,10-12, 0.74936374, 1.16307291, 3.864328e-01,-0.289661777,Clust2,Clust2,0.000010,0.999970,0.000010,0.000010,0.000010,0.999990
KP0794_AC_WP10,WP10,WP,10-12, 1.57750833, 1.46903291,-3.586815e-01,-0.354343965,Clust2,Clust2,0.000010,0.999970,0.000010,0.000010,0.000010,0.999990
KP0797_AC_WP10,WP10,WP,10-12, 1.07214396, 1.48593635,-5.278470e-01, 0.279487420,Clust2,Clust2,0.000010,0.999970,0.000010,0.000010,0.000010,0.999990
KP0799_AC_WP10,WP10,WP,10-12, 0.97547850, 1.33014137,-5.685128e-01,-0.469961769,Clust2,Clust2,0.000010,0.999970,0.000010,0.000010,0.000010,0.999990
KP0802_AC_WP10,WP10,WP,10-12, 1.23459942, 1.00627507,-7.874585e-01,-0.118457111,Clust2,Clust2,0.000010,0.882242,0.117738,0.000010,0.000010,0.999990
KP0808_AC_WP10,WP10,WP,10-12, 0.45543801, 1.33072944, 2.908706e-01, 0.176835708,Clust2,Clust2,0.008395,0.991585,0.000010,0.000010,0.000010,0.999990
KP0811_AC_WP10,WP10,WP,10-12, 1.44982073, 1.37440065,-1.364463e-01,-0.066732298,Clust2,Clust2,0.000010,0.999970,0.000010,0.000010,0.000010,0.999990
KP0812_AC_WP10,WP10,WP,10-12, 1.34401255, 1.70560376,-7.255715e-01, 0.039393226,Clust2,Clust2,0.000010,0.999970,0.000010,0.000010,0.000010,0.999990
KP0815_AC_WP10,WP10,WP,10-12, 0.99481330, 0.80122634,-1.890539e-01, 0.478746396,Clust2,Clust2,0.000010,0.888964,0.111016,0.000010,0.000010,0.999990
KP0822_AC_WP10,WP10,WP,10-12, 1.04573882, 0.66927886, 7.696484e-02,-0.544910441,Clust2,Clust2,0.000010,0.940829,0.007147,0.052014,0.000010,0.999990
KP0823_AC_WP10,WP10,WP,10-12, 1.42070168, 0.41054182, 6.018368e-01,-0.128183768,Clust2,Clust2,0.000010,0.825018,0.000010,0.174962,0.000010,0.999990
KP0828_AC_WP10,WP10,WP,10-12, 0.86008681, 0.82851925, 1.588277e-01,-0.734646589,Clust2,Clust2,0.000010,0.999970,0.000010,0.000010,0.000010,0.999990
KP0830_AC_WP10,WP10,WP,10-12, 1.49679562, 1.09502832, 3.443631e-01,-0.315258456,Clust2,Clust2,0.000010,0.999970,0.000010,0.000010,0.000010,0.999990
KP0835_AC_WP10,WP10,WP,10-12, 0.92923480, 1.70913192,-7.740761e-01, 0.488164393,Clust2,Clust2,0.000010,0.999970,0.000010,0.000010,0.000010,0.999990
KP0837_AC_WP10,WP10,WP,10-12, 0.90852716,-1.57827793,-4.849345e-01,-1.639137448,Clust3,Clust2,0.000010,0.052436,0.826107,0.121447,0.000010,0.999990
KP0844_UN_NANA,WP10,WP,10-12, 1.43706079, 1.17788320, 7.635641e-01,-1.003825456,Clust2,Clust2,0.000010,0.957932,0.000010,0.042048,0.000010,0.999990
KP0857_AC_WP10,WP10,WP,10-12, 0.91546766, 1.79532059, 3.237444e-02,-1.087319872,Clust2,Clust2,0.000010,0.999970,0.000010,0.000010,0.000010,0.999990
KP0861_AC_WP10,WP10,WP,10-12, 1.39565695, 1.31665578, 8.553485e-02,-0.501987181,Clust2,Clust2,0.000010,0.999970,0.000010,0.000010,0.000010,0.999990
KP0866_AC_WP10,WP10,WP,10-12, 0.99940132, 0.90752320, 2.258281e-02, 0.397027070,Clust2,Clust2,0.000010,0.999970,0.000010,0.000010,0.000010,0.999990
KP0871_AC_WP10,WP10,WP,10-12, 1.69203326, 0.97724667, 2.244213e-02, 0.565569057,Clust2,Clust2,0.000010,0.999970,0.000010,0.000010,0.000010,0.999990
KP0879_AC_WP10,WP10,WP,10-12, 1.34228271, 1.49148685, 6.422557e-02, 1.337874551,Clust2,Clust2,0.000010,0.999970,0.000010,0.000010,0.000010,0.999990
KP0880_HU_WP10,WP10,WP,10-12, 1.20729353, 1.39858395,-3.834516e-01,-0.994551702,Clust2,Clust2,0.000010,0.956850,0.000010,0.043130,0.000010,0.999990
KP0881_AC_WP10,WP10,WP,10-12, 1.51958471, 1.45382533,-2.815894e-01, 0.304438692,Clust2,Clust2,0.000010,0.961921,0.000010,0.038059,0.000010,0.999990
KP0882_AC_WP10,WP10,WP,10-12, 1.32782455, 1.72282396, 2.436650e-01,-0.274602768,Clust2,Clust2,0.000010,0.999970,0.000010,0.000010,0.000010,0.999990
KP0883_AC_WP10,WP10,WP,10-12, 1.13480920, 1.27766470, 3.644607e-01,-0.585061821,Clust2,Clust2,0.000010,0.999970,0.000010,0.000010,0.000010,0.999990
KP0884_AC_WP10,WP10,WP,10-12, 0.88247852, 0.76869476, 3.123675e-01, 0.649461972,Clust2,Clust2,0.000010,0.971952,0.000010,0.028028,0.000010,0.999990
KP0887_AC_WP10,WP10,WP,10-12, 1.02491644, 1.52604639,-1.063037e-01, 0.001818773,Clust2,Clust2,0.000010,0.907337,0.000010,0.092643,0.000010,0.999990
KP0895_AC_WP10,WP10,WP,10-12, 1.25172569, 1.41329397,-3.416348e-01, 0.432632614,Clust2,Clust2,0.008149,0.991831,0.000010,0.000010,0.000010,0.999990
KP0897_AC_WP10,WP10,WP,10-12, 0.56977179, 1.04692496, 3.728332e-02,-0.014304387,Clust2,Clust2,0.005311,0.994669,0.000010,0.000010,0.000010,0.999990
KP0898_AC_WP10,WP10,WP,10-12, 1.50543212, 1.18814083,-3.070361e-01, 0.369372637,Clust2,Clust2,0.000010,0.956099,0.043881,0.000010,0.000010,0.999990
KP0909_AC_WP10,WP10,WP,10-12, 0.74472624, 1.69313811,-4.457729e-01,-0.831306623,Clust2,Clust2,0.003751,0.996229,0.000010,0.000010,0.006112,0.993888
KP0912_AC_WP10,WP10,WP,10-12, 1.24769990, 1.86872171,-2.621190e-01,-0.721959924,Clust2,Clust2,0.000010,0.967957,0.032023,0.000010,0.000010,0.999990
KP0913_AC_WP10,WP10,WP,10-12, 1.14090045, 1.15718613,-3.538243e-01,-0.563643379,Clust2,Clust2,0.000010,0.967181,0.032799,0.000010,0.000010,0.999990
KP0915_AC_WP10,WP10,WP,10-12, 1.11778793, 1.64212985,-2.140167e-01,-1.384773503,Clust2,Clust2,0.000012,0.999968,0.000010,0.000010,0.000010,0.999990
KP0916_AC_WP10,WP10,WP,10-12, 1.12081061, 0.85206581, 5.015358e-01,-1.029156349,Clust2,Clust2,0.000016,0.871823,0.000010,0.128151,0.000010,0.999990
KP0917_AC_WP10,WP10,WP,10-12, 1.68271502, 1.86242153,-8.880418e-01, 0.575422048,Clust2,Clust2,0.000010,0.999970,0.000010,0.000010,0.000010,0.999990
KP0918_AC_WP10,WP10,WP,10-12, 1.29719048, 1.33571702, 2.800621e-01,-0.264627984,Clust2,Clust2,0.000010,0.999970,0.000010,0.000010,0.000010,0.999990
KP0919_AC_WP10,WP10,WP,10-12, 1.06763644, 0.86484920,-1.234262e-01, 0.732092977,Clust2,Clust2,0.000010,0.999970,0.000010,0.000010,0.000010,0.999990
KP0926_AC_WP10,WP10,WP,10-12, 1.09520997, 1.77710932,-5.026055e-02,-0.474622028,Clust2,Clust2,0.000010,0.999970,0.000010,0.000010,0.000010,0.999990
KP0928_AC_WP10,WP10,WP,10-12, 1.15342251, 0.86882218,-5.041348e-01, 0.039173998,Clust2,Clust2,0.000010,0.987106,0.012874,0.000010,0.000010,0.999990
KP0930_AC_WP10,WP10,WP,10-12, 0.41908167, 1.11392020,-2.686913e-01, 1.176102919,Clust2,Clust2,0.000010,0.999970,0.000010,0.000010,0.000010,0.999990
KP0931_AC_WP10,WP10,WP,10-12, 0.90030514, 1.64610283, 4.924280e-01,-0.671505844,Clust2,Clust2,0.000010,0.999970,0.000010,0.000010,0.000010,0.999990
KP0932_AC_WP10,WP10,WP,10-12, 0.31265517, 0.92979018,-3.118375e-01, 1.172676923,Clust2,Clust2,0.000010,0.999970,0.000010,0.000010,0.000159,0.999841
KP0933_AC_WP10,WP10,WP,10-12, 1.06663246, 1.73341131,-6.089222e-01,-0.290466395,Clust2,Clust2,0.000010,0.999970,0.000010,0.000010,0.000010,0.999990
KP0934_AC_WP10,WP10,WP,10-12, 1.31455960, 0.86816060,-1.510823e-01,-0.130516670,Clust2,Clust2,0.000010,0.996980,0.003000,0.000010,0.000010,0.999990
KP0936_AC_WP10,WP10,WP,10-12, 1.08067470, 1.65591384, 1.324843e-01, 0.135181124,Clust2,Clust2,0.000010,0.999970,0.000010,0.000010,0.000010,0.999990
KP0937_AC_WP10,WP10,WP,10-12, 1.47259048, 1.38795874,-1.480765e-02, 0.801415866,Clust2,Clust2,0.000010,0.999970,0.000010,0.000010,0.000010,0.999990
KP0938_HU_WP10,WP10,WP,10-12,-8.99539995, 0.20804376,-1.602708e-01,-0.693325402,Clust1,Clust1,0.999970,0.000010,0.000010,0.000010,0.999990,0.000010
KP0940_AC_WP10,WP10,WP,10-12, 1.32539972, 1.33276036,-1.193678e-01,-0.242750059,Clust2,Clust2,0.000010,0.999970,0.000010,0.000010,0.000010,0.999990
KP0942_AC_WP10,WP10,WP,10-12, 1.76201743, 1.61579549,-1.218286e+00,-1.025546428,Clust2,Clust2,0.000010,0.999970,0.000010,0.000010,0.000010,0.999990
KP0945_AC_WP10,WP10,WP,10-12, 1.12951119, 1.02811724, 5.973655e-02,-0.360974008,Clust2,Clust2,0.000010,0.999970,0.000010,0.000010,0.000010,0.999990
KP0947_AC_WP10,WP10,WP,10-12, 1.02003053, 1.59037277, 2.719784e-03,-0.432268132,Clust2,Clust2,0.002975,0.987426,0.009589,0.000010,0.003619,0.996381
KP0950_AC_WP05,WP05,WP,5, 0.89908763, 1.13988735, 1.746380e-01, 0.110180020,Clust2,Clust2,0.000010,0.999970,0.000010,0.000010,0.000010,0.999990
KP0953_AC_WP10,WP10,WP,10-12, 1.62702936, 1.96617282,-9.004018e-01,-0.639711062,Clust2,Clust2,0.000010,0.999970,0.000010,0.000010,0.000010,0.999990
KP0962_AC_WP05,WP05,WP,5, 1.28926223, 1.35076699,-5.510886e-01,-0.491473987,Clust2,Clust2,0.000010,0.999970,0.000010,0.000010,0.000010,0.999990
KP0965_AC_WP05,WP05,WP,5, 1.28639934, 1.06480874, 1.115389e-02,-0.865271681,Clust2,Clust2,0.000010,0.999970,0.000010,0.000010,0.000010,0.999990
KP0966_AC_WP05,WP05,WP,5, 0.81031036, 0.79814424,-3.201971e-02,-1.110982465,Clust2,Clust2,0.000010,0.982048,0.017932,0.000010,0.000010,0.999990
KP0967_HU_WP05,WP05,WP,5, 1.32968023, 0.71783035,-4.159665e-01, 0.241301777,Clust2,Clust2,0.000010,0.975013,0.024967,0.000010,0.000010,0.999990
KP0974_AC_WP05,WP05,WP,5, 1.03779542, 1.22971171,-8.344070e-01,-0.115876986,Clust2,Clust2,0.000010,0.869973,0.130007,0.000010,0.000010,0.999990
KP0977_AC_WP05,WP05,WP,5, 0.95039920, 1.21043144,-9.100842e-03, 0.061803642,Clust2,Clust2,0.000010,0.992179,0.007801,0.000010,0.000010,0.999990
KP0978_AC_WP05,WP05,WP,5, 1.81137847, 1.23193219, 4.245918e-01,-0.146589789,Clust2,Clust2,0.000010,0.999970,0.000010,0.000010,0.000010,0.999990
KP0981_AC_WP05,WP05,WP,5, 1.23039542, 1.29242957,-8.259141e-02,-0.050123112,Clust2,Clust2,0.000010,0.999970,0.000010,0.000010,0.000010,0.999990
KP0982_AC_WP05,WP05,WP,5, 0.94506233, 1.26350426, 1.736552e-01,-0.410212893,Clust2,Clust2,0.000010,0.999970,0.000010,0.000010,0.000010,0.999990
KP0992_AC_CA10,CA10,CA,10-12, 0.88945117,-1.72159630, 1.667336e+00,-0.164803573,Clust4,Clust2,0.000010,0.043937,0.010590,0.945463,0.004239,0.995761
KP0993_AC_CA10,CA10,CA,10-12, 0.96752364,-0.77322886, 1.077234e+00,-0.622791393,Clust4,Clust2,0.000010,0.150081,0.000010,0.849899,0.015472,0.984528
KP0999_AC_CA10,CA10,CA,10-12, 1.01249025,-1.43462214, 1.157916e+00,-0.142354116,Clust4,Clust2,0.000010,0.000010,0.159926,0.840054,0.011860,0.988140
KP1002_AC_WP10,WP10,WP,10-12, 0.70850121,-0.55806870, 6.649235e-01, 0.394056082,Clust4,Clust2,0.000010,0.233147,0.253768,0.513074,0.000010,0.999990
KP1009_AC_CA10,CA10,CA,10-12, 1.04197204,-1.40855125, 2.128388e+00,-0.139804233,Clust4,Clust2,0.000010,0.000010,0.000010,0.999970,0.000010,0.999990
KP1011_AC_CA10,CA10,CA,10-12, 0.92015923,-1.74118898, 2.856267e+00, 0.160604683,Clust4,Clust2,0.000010,0.000010,0.000010,0.999970,0.000010,0.999990
KP1012_AC_CA10,CA10,CA,10-12, 0.69610376,-1.17818493, 1.776334e+00,-0.212179259,Clust4,Clust2,0.000010,0.000010,0.018257,0.981723,0.000010,0.999990
KP1015_AC_CA10,CA10,CA,10-12, 1.18110600,-0.63205710, 1.936512e+00,-0.756470480,Clust4,Clust2,0.000010,0.000010,0.000010,0.999970,0.000010,0.999990
KP1019_AC_CA10,CA10,CA,10-12, 1.03388340,-1.08935667, 1.164270e+00, 0.474095125,Clust4,Clust2,0.000010,0.089048,0.000010,0.910932,0.000010,0.999990
KP1021_AC_CA10,CA10,CA,10-12, 1.32491523,-0.73241140, 1.820649e+00,-0.340433318,Clust4,Clust2,0.000010,0.026178,0.000010,0.973802,0.000010,0.999990
KP1022_AC_CA10,CA10,CA,10-12, 1.56527962,-1.36748833, 2.008830e+00,-0.981351052,Clust4,Clust2,0.000010,0.000010,0.000010,0.999970,0.000010,0.999990
KP1028_AC_CA10,CA10,CA,10-12, 0.85977254,-0.97258503, 1.943437e+00,-0.134099604,Clust4,Clust2,0.000010,0.158368,0.000010,0.841612,0.000010,0.999990
KP1029_AC_CA10,CA10,CA,10-12, 0.96057158,-1.56990505, 8.412364e-01, 0.193397840,Clust4,Clust2,0.000010,0.000010,0.273981,0.725999,0.000010,0.999990
KP1030_AC_CA10,CA10,CA,10-12, 1.17433295,-1.61135814, 1.648647e+00,-0.458219516,Clust4,Clust2,0.000010,0.000010,0.000010,0.999970,0.000010,0.999990
KP1032_AC_CA10,CA10,CA,10-12, 1.21406943,-1.32187833, 2.014687e+00,-0.823821739,Clust4,Clust2,0.000010,0.000010,0.000010,0.999970,0.001925,0.998075
KP1045_AC_CA10,CA10,CA,10-12,-7.73327269, 0.06447635, 7.035354e-02, 0.213331174,Clust1,Clust1,0.999970,0.000010,0.000010,0.000010,0.999990,0.000010
KP1046_AC_CA10,CA10,CA,10-12, 0.93261227,-0.91126049, 1.418900e+00,-0.283054018,Clust4,Clust2,0.000010,0.054956,0.000010,0.945024,0.000010,0.999990
KP1047_AC_CA10,CA10,CA,10-12, 0.56010719,-0.69844913, 2.183753e+00, 0.036101366,Clust4,Clust2,0.000010,0.017966,0.000010,0.982014,0.022398,0.977602
KP1052_AC_CA10,CA10,CA,10-12, 1.00331171,-0.09189299, 1.151112e+00,-0.845682284,Clust4,Clust2,0.000010,0.308597,0.009794,0.681599,0.000010,0.999990
KP1053_AC_CA10,CA10,CA,10-12, 0.80169833,-1.00643788, 1.186652e+00, 0.008232123,Clust4,Clust2,0.001906,0.000373,0.075715,0.922005,0.000010,0.999990
KP1062_AC_CA20,CA20,CA,20, 1.21065299,-1.20699962, 8.229831e-01,-0.091790255,Clust4,Clust2,0.000010,0.000010,0.216785,0.783195,0.000010,0.999990
KP1066_AC_CA20,CA20,CA,20, 0.93131210,-0.60576517, 1.561918e+00,-0.591887745,Clust4,Clust2,0.000010,0.003581,0.020717,0.975692,0.000010,0.999990
KP1067_AC_CA20,CA20,CA,20, 0.99490361,-1.28924745, 1.222237e+00,-0.123748151,Clust4,Clust2,0.000010,0.000010,0.051982,0.947998,0.005711,0.994289
KP1069_AC_CA20,CA20,CA,20, 0.80263137,-0.72581104, 1.897244e+00,-0.230052007,Clust4,Clust2,0.000010,0.000010,0.000010,0.999970,0.000327,0.999673
KP1070_AC_CA20,CA20,CA,20, 0.99730272,-1.06508785, 1.755115e+00, 0.406486131,Clust4,Clust2,0.000010,0.019913,0.000010,0.980067,0.000010,0.999990
KP1076_AC_CA20,CA20,CA,20, 1.03803783,-0.72627819, 1.188946e+00,-0.117770839,Clust4,Clust2,0.000010,0.090925,0.147005,0.762060,0.022010,0.977990
KP1077_AC_CA20,CA20,CA,20, 0.76066358,-0.87468330, 1.568122e+00, 0.308498282,Clust4,Clust2,0.000010,0.081624,0.000010,0.918356,0.000010,0.999990
KP1081_AC_CA20,CA20,CA,20, 0.63880715,-1.50928783, 2.067474e+00,-0.482948458,Clust4,Clust2,0.000010,0.000010,0.000010,0.999970,0.005267,0.994733
KP1088_AC_CA20,CA20,CA,20, 0.97590202,-0.96758453, 1.463381e+00, 0.471520576,Clust4,Clust2,0.000010,0.063802,0.050418,0.885771,0.000010,0.999990
KP1089_AC_CA20,CA20,CA,20, 0.82200237,-1.25270403, 1.035010e+00,-0.381495283,Clust4,Clust2,0.000010,0.000010,0.000010,0.999970,0.000010,0.999990
KP1097_AC_CA20,CA20,CA,20, 1.48281403,-1.43398928, 1.992841e+00, 0.092394070,Clust4,Clust2,0.000010,0.000010,0.000010,0.999970,0.000010,0.999990
KP1104_AC_CA20,CA20,CA,20, 0.80876334,-1.02059952, 1.762342e+00,-0.230476339,Clust4,Clust2,0.000010,0.007034,0.000010,0.992946,0.000010,0.999990
KP1107_AC_CA20,CA20,CA,20, 1.41112403,-1.42315567, 1.801663e+00, 0.061798684,Clust4,Clust2,0.000010,0.000010,0.062323,0.937657,0.000010,0.999990
KP1115_AC_CA20,CA20,CA,20, 1.22312166,-1.40867545, 1.522748e+00,-0.351400057,Clust4,Clust2,0.000010,0.000010,0.044131,0.955849,0.000010,0.999990
KP1120_AC_CA20,CA20,CA,20, 0.83589058,-0.88903313, 1.356853e+00,-0.291914612,Clust4,Clust2,0.000010,0.171812,0.000010,0.828168,0.000010,0.999990
KP1121_AC_CA20,CA20,CA,20,-7.90308253,-0.12838486, 3.334308e-01,-0.150139242,Clust1,Clust1,0.999970,0.000010,0.000010,0.000010,0.999990,0.000010
KP1125_AC_CA20,CA20,CA,20, 0.90836957,-1.04782790, 2.101954e+00, 0.013302473,Clust4,Clust2,0.000010,0.062962,0.000010,0.937018,0.001144,0.998856
KP1128_AC_CA20,CA20,CA,20, 0.62094780,-0.99488377, 2.510391e+00, 0.346318042,Clust4,Clust2,0.000010,0.106542,0.000010,0.893438,0.000010,0.999990
KP1132_AC_CA20,CA20,CA,20,-8.00231653, 0.03526001, 2.782392e-01,-0.368873179,Clust1,Clust1,0.999970,0.000010,0.000010,0.000010,0.999990,0.000010
KP1134_AC_CA20,CA20,CA,20, 1.21791137,-1.22953706, 1.760439e+00, 0.872440048,Clust4,Clust2,0.000010,0.000010,0.090828,0.909152,0.000010,0.999990
KP1135_AC_CA20,CA20,CA,20, 0.45475785,-0.37003550, 1.336671e+00,-0.041137285,Clust4,Clust2,0.010243,0.146562,0.000010,0.843185,0.006677,0.993323
KP1137_AC_CA20,CA20,CA,20, 1.09928987,-1.07328911, 1.614436e+00, 0.123179883,Clust4,Clust2,0.000010,0.010831,0.000010,0.989149,0.000010,0.999990
KP1139_LM_CA20,CA20,CA,20, 1.47757636,-1.50025382, 1.032543e+00, 0.576579740,Clust4,Clust2,0.000010,0.000010,0.282020,0.717960,0.000010,0.999990
KP1140_AC_CA20,CA20,CA,20, 0.88415145,-1.16421318, 1.377282e+00,-0.173906867,Clust4,Clust2,0.000010,0.000010,0.000010,0.999970,0.000010,0.999990
KP1141_AC_CA20,CA20,CA,20, 0.22298964,-1.25221983, 1.610425e+00,-0.833824855,Clust4,Clust2,0.034812,0.000010,0.000010,0.965168,0.039355,0.960645
KP1143_AC_CA20,CA20,CA,20, 0.44491727,-0.98241801, 1.327271e+00,-0.224318852,Clust4,Clust2,0.000010,0.000010,0.000010,0.999970,0.000010,0.999990
KP1147_AC_CA20,CA20,CA,20,-6.29762524,-0.06116302, 4.413691e-01, 0.220622943,Clust1,Clust1,0.999970,0.000010,0.000010,0.000010,0.999990,0.000010
KP1148_AC_CA20,CA20,CA,20, 0.79879207,-1.08573657, 2.458596e+00, 0.519695507,Clust4,Clust2,0.000010,0.000010,0.000010,0.999970,0.000010,0.999990
KP1149_AC_CA20,CA20,CA,20, 0.84934571,-0.92083052, 1.528135e+00,-0.304035868,Clust4,Clust2,0.002562,0.048757,0.000010,0.948671,0.000010,0.999990
KP1150_AC_CA20,CA20,CA,20, 1.02169974,-1.96215857, 3.002576e+00, 0.903934596,Clust4,Clust2,0.000010,0.000010,0.000010,0.999970,0.000699,0.999301
KP1151_AC_CA20,CA20,CA,20, 0.74593341,-1.15108252, 1.597050e+00, 1.033470919,Clust4,Clust2,0.000010,0.000010,0.000010,0.999970,0.000010,0.999990
KP1156_UN_CA20,CA20,CA,20, 1.07941389,-1.23560269, 2.140873e+00, 1.133309552,Clust4,Clust2,0.000010,0.000010,0.000010,0.999970,0.000010,0.999990
KX0743_AC_WP10,WP10,WP,10-12, 1.18313889, 0.76621480,-5.036952e-01, 0.314146742,Clust2,Clust2,0.000010,0.848936,0.151044,0.000010,0.000010,0.999990
