,Individual,Species,Population,Loc,Site,Depth,PC1,PC2,PC3,PC4,PC5,PC6
KP0046_AC_SB10,KP0046_AC_SB10,AA,AC_SB10,SB,SB10,10-12,2.17060438994831,-1.86395599033553,-0.15008436096949,-0.00149288116033188,0.0334570836860731,0.638219588824364
KP0049_HU_SB10,KP0049_HU_SB10,AH,HU_SB10,SB,SB10,10-12,0.324348011165102,7.09107341845713,0.044718326662926,1.92421660141497,0.115144662579082,-0.153534110813933
KP0050_AC_SB10,KP0050_AC_SB10,AA,AC_SB10,SB,SB10,10-12,2.20806899076137,-1.79965280115441,-0.200232705451842,-0.0750992180631933,0.0594516864408777,0.847304130375201
KP0055_AC_SB10,KP0055_AC_SB10,AA,AC_SB10,SB,SB10,10-12,3.53720916864701,-2.45217906264477,-0.535091393233188,-0.00229682282738132,-0.0462915072691097,0.191593301667457
KP0057_AC_SB10,KP0057_AC_SB10,AA,AC_SB10,SB,SB10,10-12,3.49907842325923,-2.51092882761081,-0.442825633485272,-0.00695526448274075,-0.0538097737191421,0.78802182921976
KP0058_AC_SB10,KP0058_AC_SB10,AA,AC_SB10,SB,SB10,10-12,3.46164919906647,-2.38900753220108,-0.560874160857093,-0.0397871882995244,0.0357879392584292,0.746486692581023
KP0060_AC_SB10,KP0060_AC_SB10,AA,AC_SB10,SB,SB10,10-12,2.14797864862513,-1.83477531263865,-0.196646302123281,0.00973831087866204,0.0325717981712836,0.405382667790444
KP0061_AC_SB10,KP0061_AC_SB10,AA,AC_SB10,SB,SB10,10-12,3.4956531645295,-2.51220017774301,-0.498630643029695,0.0107483253595151,-0.0434250179799278,1.03657474229511
KP0072_AC_SB10,KP0072_AC_SB10,AA,AC_SB10,SB,SB10,10-12,3.50291235070739,-2.48045181736159,-0.348484140742313,0.00965255249379546,0.0460869252982807,0.418708952434991
KP0073_HU_SB10,KP0073_HU_SB10,AH,HU_SB10,SB,SB10,10-12,0.0118408016666847,6.85269472075838,0.139161711561526,0.273927139702645,0.0777934696765519,-0.0248038360145577
KP0074_AC_SB10,KP0074_AC_SB10,AA,AC_SB10,SB,SB10,10-12,3.48080238563886,-2.49092249477769,-0.629960457988075,-0.00251919500045427,0.0112866494150821,1.39126431827138
KP0078_AC_SB10,KP0078_AC_SB10,AA,AC_SB10,SB,SB10,10-12,3.14139225188157,-1.72651072331603,-0.289989047168313,-0.0186409581443833,0.0210988003591433,-0.0120776821185843
KP0081_AC_SB10,KP0081_AC_SB10,AA,AC_SB10,SB,SB10,10-12,3.52850950812258,-2.4044593323358,-0.266975110685551,-0.00912827878140649,0.0270647357703808,0.0458015393105659
KP0084_AC_SB10,KP0084_AC_SB10,AA,AC_SB10,SB,SB10,10-12,0.214278737779349,7.74704621592891,0.0887218369077648,-2.88072025623727,-0.105881073760974,0.00873108941755142
KP0086_LM_SB10,KP0086_LM_SB10,AL,LM_SB10,SB,SB10,10-12,-11.3259773179849,-2.00787382884302,-0.0237582495411843,0.0681718691466216,-1.14204309843594,-0.00682471742486721
KP0089_AC_SB10,KP0089_AC_SB10,AA,AC_SB10,SB,SB10,10-12,2.78908449749682,-1.93313462652018,-0.441534048463578,-0.0811570195115519,0.17952457946947,0.695094873853778
KP0090_AC_SB10,KP0090_AC_SB10,AA,AC_SB10,SB,SB10,10-12,0.295278196221486,7.92087807760244,-0.0713256637006763,1.02183274264587,0.173181011061149,0.108737168892187
KP0091_AC_SB10,KP0091_AC_SB10,AA,AC_SB10,SB,SB10,10-12,0.180810529948846,7.63251633352052,0.158027043779743,-2.71914260234535,-0.1441368603739,0.058026654915303
KP0093_AC_SB10,KP0093_AC_SB10,AA,AC_SB10,SB,SB10,10-12,0.31508494835008,8.21524275601847,-0.0703915846121656,1.12888780672952,0.126313850005349,-0.0380752161149755
KP0095_AC_SB10,KP0095_AC_SB10,AA,AC_SB10,SB,SB10,10-12,3.14679313708415,-2.38057336091152,-0.734621631526963,-0.0190072678419831,-0.0171255073644066,0.433820013472198
KP0096_AC_SB10,KP0096_AC_SB10,AL,AC_SB10,SB,SB10,10-12,-10.945643249756,-1.98739953835462,-0.107814940667169,-0.0212977994837534,1.76067535177572,0.105012062165018
KP0099_AC_SB10,KP0099_AC_SB10,AA,AC_SB10,SB,SB10,10-12,0.483422516043591,7.6579100366107,-0.123722596008567,1.49068415633331,0.0450947955160994,-0.110771306183518
KP0100_AC_SB10,KP0100_AC_SB10,AA,AC_SB10,SB,SB10,10-12,3.43393674492928,-2.44265620507407,-0.0350122320254785,0.0311987729900143,-0.0500794077085593,0.638789126379168
KP0101_AC_SB10,KP0101_AC_SB10,AA,AC_SB10,SB,SB10,10-12,3.44131263847487,-2.38173872372536,-0.474511119282005,-0.0135403149067424,-0.0384667649303857,0.717583415339107
KP0102_AC_SB10,KP0102_AC_SB10,AA,AC_SB10,SB,SB10,10-12,3.55039614693188,-2.45312344106341,-0.430513270483822,0.0121070940005637,0.0393322262789267,0.521062276773599
KP0104_AC_SB10,KP0104_AC_SB10,AA,AC_SB10,SB,SB10,10-12,3.20860345704022,-2.35110155510616,-0.542850473544125,-0.0372313821757377,0.0144129624699471,0.671198791491391
KP0108_AC_SB10,KP0108_AC_SB10,AL,AC_SB10,SB,SB10,10-12,-10.6290197675222,-1.76558757761239,0.0687179981394989,-0.0410834800408249,-0.854191842678474,-0.0067072125351265
KP0109_LM_SB10,KP0109_LM_SB10,AA,LM_SB10,SB,SB10,10-12,2.66644059514755,-2.05844351449694,-0.509857155687107,-0.0602272510885854,0.0838569522920918,0.790373806770825
KP0111_AC_SB10,KP0111_AC_SB10,AA,AC_SB10,SB,SB10,10-12,0.376833800006024,8.51367519603706,-0.0991228218068832,1.59693021819729,-0.0463834228721741,-0.0538780047736953
KP0112_AC_SB10,KP0112_AC_SB10,AA,AC_SB10,SB,SB10,10-12,3.55123921915476,-2.54951222915972,-0.522472203181434,0.0137573898833818,0.0515736384797048,0.716182048523758
KP0116_AC_SB10,KP0116_AC_SB10,AA,AC_SB10,SB,SB10,10-12,3.18267508660625,-2.26440461528484,0.183100270176901,-0.00908854287671909,0.0328316302316399,1.10662692893212
KP0120_AC_SB10,KP0120_AC_SB10,AA,AC_SB10,SB,SB10,10-12,3.40502578983224,-2.43076098566709,-0.487471441057111,0.00191485993821514,-0.0429404426227507,0.527741612715639
KP0121_AC_SB10,KP0121_AC_SB10,AA,AC_SB10,SB,SB10,10-12,2.99751386662046,-2.21497307732191,-0.393323891546357,0.00945862966455005,-0.0689502890955556,1.06062581430959
KP0122_AC_SB10,KP0122_AC_SB10,AA,AC_SB10,SB,SB10,10-12,2.72826197473199,-2.14325135549082,-0.46010280580091,-0.0167115932709417,0.0559305436233078,0.16145805599684
KP0123_AC_SB10,KP0123_AC_SB10,AA,AC_SB10,SB,SB10,10-12,3.30662586656573,-2.4514785568412,-0.231092691436005,0.000673880274622364,-0.0608760884313904,0.85436970544671
KP0125_AC_SB10,KP0125_AC_SB10,AA,AC_SB10,SB,SB10,10-12,3.17850828945714,-2.34023227875683,-0.27524080546,0.0368889843348,-0.0846339983797345,0.671153174040311
KP0127_AC_SB10,KP0127_AC_SB10,AA,AC_SB10,SB,SB10,10-12,3.21425545273968,-2.39821467278375,-0.591435967244831,0.0356619913969475,0.0663050979029284,0.391400786310656
KP0129_AC_SB10,KP0129_AC_SB10,AA,AC_SB10,SB,SB10,10-12,2.46495147860215,-2.15345311876202,-0.425476990096825,0.147318853476405,-0.0422732613448884,0.243439859889646
KP0130_AC_SB05,KP0130_AC_SB05,AA,AC_SB05,SB,SB05,5,0.278465064494502,7.65783307228708,-0.017246282058178,-2.95953422254043,-0.0735402204804147,-0.0751589446479787
KP0131_HU_SB05,KP0131_HU_SB05,AH,HU_SB05,SB,SB05,5,2.94989507054194,-2.16998452235666,-0.207271715817106,-0.0199085171759262,-0.113666128669014,-0.491094224957525
KP0132_HU_SB05,KP0132_HU_SB05,AH,HU_SB05,SB,SB05,5,0.0968836833268449,7.6263942344371,0.138023324606832,-2.33099972479749,-0.211773483821413,-0.0235407928809992
KP0134_HU_SB05,KP0134_HU_SB05,AH,HU_SB05,SB,SB05,5,0.373327778827805,7.59288201454373,0.184113000837467,1.16477935578125,0.07502787035254,0.00629111994405471
KP0135_HU_SB05,KP0135_HU_SB05,AH,HU_SB05,SB,SB05,5,0.305691354168714,7.76600753204546,0.0724806831468725,-3.01948109320976,-0.066267388851041,-0.00643540411610432
KP0138_HU_SB05,KP0138_HU_SB05,AH,HU_SB05,SB,SB05,5,0.321180507063164,7.84302736448544,-0.0146248907041522,-0.65982830656438,-0.0259442782686337,0.150053676570213
KP0140_HU_SB05,KP0140_HU_SB05,AH,HU_SB05,SB,SB05,5,0.211108585971276,7.60828336809997,0.129104016556722,-2.88559701041245,-0.122975938747031,0.057867199087824
KP0142_HU_SB05,KP0142_HU_SB05,AH,HU_SB05,SB,SB05,5,0.237405134812383,7.86626766659133,0.088236283968105,-2.74418639346694,-0.12404370071565,-0.0606441272254449
KP0143_HU_SB05,KP0143_HU_SB05,AH,HU_SB05,SB,SB05,5,0.242527628130898,8.05128503324205,0.0105086425671372,-0.927193369379556,-0.0344667090309884,0.195165366823066
KP0145_HU_SB05,KP0145_HU_SB05,AH,HU_SB05,SB,SB05,5,0.180972397889151,7.94363717638586,0.133591967362993,-2.61400113508663,-0.0554053722364162,-0.0693949162615347
KP0146_HU_SB05,KP0146_HU_SB05,AH,HU_SB05,SB,SB05,5,0.132012813211132,7.36080146237589,0.180512849235297,-2.96595376468153,-0.0875178475542616,-0.0596280330926496
KP0147_HU_SB05,KP0147_HU_SB05,AH,HU_SB05,SB,SB05,5,0.247862164651608,7.89991332929537,0.129108585131787,-2.80685609698784,-0.0685797502403866,-0.0423517141145369
KP0148_HU_SB05,KP0148_HU_SB05,AH,HU_SB05,SB,SB05,5,0.359855390553863,7.43211225793093,0.14804450575998,-2.71358335439509,-0.0511902605831748,-0.049204189775708
KP0149_HU_SB05,KP0149_HU_SB05,AH,HU_SB05,SB,SB05,5,0.257754963812335,7.79360626939697,0.0953789941312461,-2.77103284488298,-0.040124365692881,-0.0588381246451502
KP0153_AC_SQ12,KP0153_AC_SQ12,AA,AC_SQ12,SQ,SQ12,10-12,3.33351039396326,-2.36895014757772,-0.305852497291377,-0.00601045118074528,0.0440447863522167,0.558983842096847
KP0158_AC_SQ12,KP0158_AC_SQ12,AA,AC_SQ12,SQ,SQ12,10-12,3.51295955663194,-2.54997660552271,-0.838047010178392,0.00242100982678195,-0.082455561943959,1.06437026654215
KP0162_AC_SQ12,KP0162_AC_SQ12,AA,AC_SQ12,SQ,SQ12,10-12,3.58054743728406,-2.56354917139354,-0.590948634167544,-0.016630429929764,-0.0138918115589754,0.444773893610124
KP0167_AC_SQ12,KP0167_AC_SQ12,AA,AC_SQ12,SQ,SQ12,10-12,3.44561935201611,-2.47971234949181,-0.299320998734386,0.0158494343037736,-0.0163958316086415,0.696024009955408
KP0168_AC_SQ12,KP0168_AC_SQ12,AA,AC_SQ12,SQ,SQ12,10-12,3.44664098511224,-2.49857369528793,-0.288341399310096,0.00296898517386015,-0.0555555185495342,0.897731184012957
KP0171_AC_SQ12,KP0171_AC_SQ12,AA,AC_SQ12,SQ,SQ12,10-12,3.542350055277,-2.52690332765854,-0.649843389500899,-0.0184920766670955,-0.0515943383647675,1.06746346876102
KP0172_AC_SQ12,KP0172_AC_SQ12,AA,AC_SQ12,SQ,SQ12,10-12,2.44260283177574,-0.103858710852952,-0.764650214139235,0.254308004464531,-0.0165074623667379,0.512888367997351
KP0176_AC_SQ12,KP0176_AC_SQ12,AA,AC_SQ12,SQ,SQ12,10-12,3.58315915655091,-2.54893728383156,-0.745460654763761,-0.0123953430965659,0.0283676837641101,0.512690951856102
KP0181_AC_SQ12,KP0181_AC_SQ12,AA,AC_SQ12,SQ,SQ12,10-12,3.2937217534794,-2.35026394161515,-0.665750537475441,-0.0314632805695379,0.0414866407677541,0.185644123258692
KP0184_AC_SQ12,KP0184_AC_SQ12,AA,AC_SQ12,SQ,SQ12,10-12,0.236568345464074,8.5957696365547,-0.129711011926128,1.65023162769979,-0.000374514559709395,0.0133849184399763
KP0186_AC_SQ12,KP0186_AC_SQ12,AL,AC_SQ12,SQ,SQ12,10-12,-11.0752621096317,-1.94151046332614,-0.0389689403869317,0.0411768870846686,-1.39998427893975,0.0438581468743152
KP0187_AC_SQ12,KP0187_AC_SQ12,AA,AC_SQ12,SQ,SQ12,10-12,3.51746658177963,-2.51027791974698,-0.726913137397156,-0.0236826889964405,0.00453225898766417,0.436886462657568
KP0189_AC_SQ12,KP0189_AC_SQ12,AA,AC_SQ12,SQ,SQ12,10-12,3.45776014356866,-2.46105351042456,-0.176634277359914,0.00529912150799317,-0.0271734738966664,0.244017645420977
KP0190_AC_SQ12,KP0190_AC_SQ12,AA,AC_SQ12,SQ,SQ12,10-12,3.47411019840989,-2.42779419277807,-0.459311203732847,-0.0571124104440547,0.0186131028639899,1.10597684097279
KP0192_AC_SQ12,KP0192_AC_SQ12,AL,AC_SQ12,SQ,SQ12,10-12,-11.2081119778072,-1.94003233745529,-0.0407118756101043,-0.0356275904395709,-0.91510317679355,-0.00839335224473531
KP0197_AC_SQ12,KP0197_AC_SQ12,AA,AC_SQ12,SQ,SQ12,10-12,3.49041380729974,-2.432620409439,0.116608280779028,-0.0252087278131439,-0.00714523287277415,0.32211987761665
KP0202_AC_SQ12,KP0202_AC_SQ12,AA,AC_SQ12,SQ,SQ12,10-12,3.43650810213659,-2.49643459370318,0.454313302272463,0.0268702287831601,-0.0270683344890049,0.889200569299416
KP0203_AC_SQ12,KP0203_AC_SQ12,AL,AC_SQ12,SQ,SQ12,10-12,-11.4510527690322,-1.9675471856786,0.0497814937888944,0.0487642676138917,-0.920982814559157,0.020617484126683
KP0207_LM_SQ12,KP0207_LM_SQ12,AL,LM_SQ12,SQ,SQ12,10-12,-11.3122688592278,-1.95595050974168,-0.0387362584389005,0.104558811595319,-1.10345033100575,-0.0368695878856213
KP0209_AC_SQ12,KP0209_AC_SQ12,AA,AC_SQ12,SQ,SQ12,10-12,3.23983125288595,-2.32555480460949,-0.164580531813731,-0.0303406966072235,0.0503047426858271,0.613763411153558
KP0211_AC_SQ12,KP0211_AC_SQ12,AA,AC_SQ12,SQ,SQ12,10-12,0.422207236010952,8.19744713187796,-0.151085529217239,1.69340366791588,0.0681617799236808,-0.0630573653015979
KP0214_AC_SQ20,KP0214_AC_SQ20,AA,AC_SQ20,SQ,SQ20,20,3.47936508905949,-2.49903453040342,-0.521464433112294,-0.0276455285745478,0.0549024370115847,0.50688032834139
KP0218_AC_SQ20,KP0218_AC_SQ20,AA,AC_SQ20,SQ,SQ20,20,3.17475470360736,-2.04094192139137,3.3141513035416,0.0874008267864363,0.0176049008506479,-0.0265257566952925
KP0220_AC_SQ20,KP0220_AC_SQ20,AA,AC_SQ20,SQ,SQ20,20,3.49614354708198,-2.56539043161403,0.0664487238401367,0.0262384226904221,-0.0820648247027238,0.696836367726642
KP0222_AC_SQ20,KP0222_AC_SQ20,AA,AC_SQ20,SQ,SQ20,20,3.39527611089232,-2.33020002004222,-0.191198067672809,-0.0269721245066798,-0.104625999276742,0.781287763971678
KP0225_AC_SQ20,KP0225_AC_SQ20,AA,AC_SQ20,SQ,SQ20,20,3.44990010318765,-2.40834246717049,-0.277771014850656,-0.00694593807809497,-0.00615194819702977,-0.147908373937753
KP0229_AC_SQ20,KP0229_AC_SQ20,AA,AC_SQ20,SQ,SQ20,20,3.44411820356942,-2.46939364660574,-0.176655558823251,-0.0068811875956651,0.00467455947229058,0.232976728786876
KP0235_AC_SQ20,KP0235_AC_SQ20,AA,AC_SQ20,SQ,SQ20,20,2.20856160993345,-1.65716715013509,2.26145356196128,0.169294731143624,0.0849114961489514,-0.466863730643865
KP0236_AC_SQ20,KP0236_AC_SQ20,AA,AC_SQ20,SQ,SQ20,20,3.23471030876444,-2.31959055842969,-0.133357714712635,-0.0100109471861309,-0.0382846566498714,0.147888742699395
KP0237_AC_SQ20,KP0237_AC_SQ20,AA,AC_SQ20,SQ,SQ20,20,3.39561412811988,-2.41583064076081,-0.307322688719318,-0.0152637492028526,0.00929375759808619,0.377078113686118
KP0241_AC_SQ20,KP0241_AC_SQ20,AA,AC_SQ20,SQ,SQ20,20,3.31175967952177,-2.11799284861389,3.581217473639,0.157433853859825,0.0119456042269416,-0.353379337268325
KP0242_AC_SQ20,KP0242_AC_SQ20,AA,AC_SQ20,SQ,SQ20,20,3.41194120000367,-2.36481349829524,-0.178482739803748,-0.0118742206112579,-0.0680235836085227,0.367374562339582
KP0243_AC_SQ20,KP0243_AC_SQ20,AA,AC_SQ20,SQ,SQ20,20,3.07703283484922,-2.08608038906908,3.08911711492835,0.0426792938662898,0.0801913395803545,-0.195371357731095
KP0247_AC_SQ20,KP0247_AC_SQ20,AA,AC_SQ20,SQ,SQ20,20,3.10936523391774,-2.00075284588731,3.23284993364337,0.0866088224318732,0.111391389593787,-0.388014558584195
KP0249_LM_SQ20,KP0249_LM_SQ20,AL,LM_SQ20,SQ,SQ20,20,-11.1747232351528,-2.11910930464247,-0.0790849535031569,0.211818584543974,-1.25263980300105,0.0954467999118413
KP0251_AC_SQ20,KP0251_AC_SQ20,AA,AC_SQ20,SQ,SQ20,20,3.39892065809898,-2.30649019415814,-0.338812838345194,0.00715443268926698,0.0892901577358351,0.265119201194561
KP0252_LM_SQ20,KP0252_LM_SQ20,AL,LM_SQ20,SQ,SQ20,20,-11.289442607178,-2.01029870676163,0.0468875741210729,0.0574489266139882,-0.97590611078305,0.0164927859680321
KP0254_LM_SQ20,KP0254_LM_SQ20,AL,LM_SQ20,SQ,SQ20,20,-11.457665514015,-2.11619493440851,0.0494071593067485,-0.0194470003099005,1.80199962563218,-0.00421671005545091
KP0255_AC_SQ20,KP0255_AC_SQ20,AA,AC_SQ20,SQ,SQ20,20,3.20171277640308,-2.16776515572081,3.34185388343886,0.148483599483613,0.0208305243866858,-0.281288544173786
KP0257_AC_SQ20,KP0257_AC_SQ20,AA,AC_SQ20,SQ,SQ20,20,3.0317429487648,-1.06190600525479,-0.574791827412434,0.171248321012438,0.0178147484471368,1.44490051258132
KP0259_AC_SQ20,KP0259_AC_SQ20,AA,AC_SQ20,SQ,SQ20,20,3.38155537088219,-2.2568194712851,2.94941175708964,0.119954749426382,0.0136638578549833,0.265863763275795
KP0261_AC_SQ20,KP0261_AC_SQ20,AA,AC_SQ20,SQ,SQ20,20,3.34495740633243,-2.33082490807868,-0.581753488625515,0.00813666760151019,-0.029390688397047,1.36821139129801
KP0269_AC_SQ20,KP0269_AC_SQ20,AA,AC_SQ20,SQ,SQ20,20,3.35385082146629,-2.28140568161058,0.180155288013012,-0.00516285891810953,-0.046899357268048,0.623014149811146
KP0272_AC_SQ20,KP0272_AC_SQ20,AA,AC_SQ20,SQ,SQ20,20,3.43092241185546,-2.34975002870074,-0.144885419706692,-0.00428349319930175,-0.0339001985482796,0.546954409352099
KP0279_AC_SQ20,KP0279_AC_SQ20,AA,AC_SQ20,SQ,SQ20,20,3.32275068450942,-2.41687739114424,-0.158670997275416,-0.00525978566864808,0.0226298783140781,0.681595070683753
KP0282_LM_SQ20,KP0282_LM_SQ20,AL,LM_SQ20,SQ,SQ20,20,-10.6494397263993,-1.79212268632598,0.12763578663569,0.0918418050820203,-1.66501406142833,0.0223518756462515
KP0284_AC_SQ20,KP0284_AC_SQ20,AA,AC_SQ20,SQ,SQ20,20,3.5844229513056,-2.52910753131175,-0.341028239469107,-0.00583187208397877,-0.039907471953968,0.502920240180158
KP0285_LM_SQ20,KP0285_LM_SQ20,AL,LM_SQ20,SQ,SQ20,20,-10.5594738433589,-1.77973031415557,0.0183749643216597,0.00100997608677527,2.14934215340898,0.0650077578008463
KP0289_AC_WP20,KP0289_AC_WP20,AA,AC_WP20,WP,WP20,20,3.12698971467439,-2.2882977722759,-0.701731857217663,-0.0346715532774315,0.0549653219627589,-0.536001875058148
KP0290_LM_WP20,KP0290_LM_WP20,AL,LM_WP20,WP,WP20,20,-11.3159334711487,-2.10300200375968,-0.0671074801885024,0.00371473429651777,-0.408517248337466,-0.00588424990378163
KP0291_AC_WP20,KP0291_AC_WP20,AA,AC_WP20,WP,WP20,20,3.17400556138496,-2.24651528382557,-0.250391902280066,0.00557178100881809,0.104687828770537,-0.723973381435649
KP0292_AC_WP20,KP0292_AC_WP20,AA,AC_WP20,WP,WP20,20,2.88672789139548,-2.24395862222005,0.0350917580807658,0.0457781656108021,-0.0670696749798332,-0.98397878771974
KP0293_LM_WP20,KP0293_LM_WP20,AL,LM_WP20,WP,WP20,20,-11.4281503878147,-1.90264184966839,-0.0375239115837217,-0.199412982564418,-0.982639636521696,0.04856356066036
KP0294_AC_WP20,KP0294_AC_WP20,AA,AC_WP20,WP,WP20,20,3.32515358778929,-2.41377179755865,-0.397649039174686,0.00210651574644667,0.0213095930738894,-0.497252061520675
KP0296_AC_WP20,KP0296_AC_WP20,AA,AC_WP20,WP,WP20,20,3.3668590616635,-2.36812037553601,-0.373416555495186,-0.00341376593204759,-0.0344259018548636,-0.692081228438971
KP0301_AC_WP20,KP0301_AC_WP20,AA,AC_WP20,WP,WP20,20,3.26314735505074,-2.31240164684314,-0.301658662394638,-0.0357543105313564,0.025119284957557,-0.390200834873039
KP0304_AC_WP20,KP0304_AC_WP20,AA,AC_WP20,WP,WP20,20,3.4106824327875,-2.36410876318276,-0.432999349604928,-0.0487055013137407,0.0121832997517514,-0.534580494565415
KP0305_AC_WP20,KP0305_AC_WP20,AA,AC_WP20,WP,WP20,20,3.46532170252082,-2.44853399794392,-0.528013528292613,0.0250484029088122,-0.0322580788257172,-0.202694361699249
KP0308_LM_WP20,KP0308_LM_WP20,AL,LM_WP20,WP,WP20,20,-10.9645390973591,-1.79819527465443,0.00482145898048571,0.166000424571513,-1.09212310009995,0.0596169564086978
KP0311_AC_WP20,KP0311_AC_WP20,AA,AC_WP20,WP,WP20,20,3.25546288886568,-1.9262589885537,3.38251994834809,0.0968801099311961,-0.100906996980495,-0.422594958157829
KP0314_AC_WP20,KP0314_AC_WP20,AA,AC_WP20,WP,WP20,20,3.38134893614025,-2.38951553926284,-0.352308492819204,-0.0165290718519028,0.0813044179523845,-0.390220945908865
KP0317_AC_WP20,KP0317_AC_WP20,AA,AC_WP20,WP,WP20,20,2.84088308597292,-2.03254573935379,-0.373838974855177,0.00493691977215769,-0.0605079984427179,-0.656976397381508
KP0319_LM_WP20,KP0319_LM_WP20,AL,LM_WP20,WP,WP20,20,-11.2245939941929,-2.20972202357799,0.00725310371588675,0.0833225361450525,-1.04603653507134,-0.0147694347467455
KP0322_LM_WP20,KP0322_LM_WP20,AL,LM_WP20,WP,WP20,20,-10.3581343838218,-1.88902821025738,0.0342726296483679,0.0475794279649083,2.10682905446616,0.0801632434459248
KP0323_AC_WP20,KP0323_AC_WP20,AA,AC_WP20,WP,WP20,20,3.48563656147059,-2.44521990871807,-0.281983081509313,0.00962214109667529,-0.034860395984586,0.0454944642823501
KP0326_AC_WP20,KP0326_AC_WP20,AA,AC_WP20,WP,WP20,20,2.93407394120656,-2.41460596294804,-0.294105409803801,0.00929999584252184,-0.022173050761834,-0.549854148485985
KP0328_LM_WP20,KP0328_LM_WP20,AL,LM_WP20,WP,WP20,20,-11.2741273709123,-1.94567323618478,0.12010298999724,-0.0780186968868271,2.66764070953579,0.0791951903184256
KP0329_AC_WP20,KP0329_AC_WP20,AA,AC_WP20,WP,WP20,20,2.77275172312161,-2.11467998711089,-0.461060751939955,-0.0320841724648743,0.00705488643231582,-0.867873412805239
KP0332_AC_WP20,KP0332_AC_WP20,AA,AC_WP20,WP,WP20,20,3.34276547228424,-2.31627442082768,-0.330904198490738,-0.0372497574723666,-0.0592136038389497,-0.218094036596605
KP0335_AC_WP20,KP0335_AC_WP20,AA,AC_WP20,WP,WP20,20,3.47142448215864,-2.47674717118524,-0.417621723495561,0.0227950105692438,-0.0236108943205595,-0.984253773633071
KP0340_AC_WP20,KP0340_AC_WP20,AA,AC_WP20,WP,WP20,20,2.56333108151435,-1.90047952364154,-0.310852706766376,0.0561598345923332,-0.00520230145955593,0.810468202335241
KP0341_LM_WP20,KP0341_LM_WP20,AL,LM_WP20,WP,WP20,20,-11.1525615508276,-2.01188845700159,-0.0557407933958829,0.116000744215917,-0.581155589553012,-0.0750669270653315
KP0346_AC_WP20,KP0346_AC_WP20,AA,AC_WP20,WP,WP20,20,2.90658967941773,-2.06861709681195,-0.0388539728248531,0.0529374193515759,-0.0668071461219806,-0.425805479720016
KP0347_AC_WP20,KP0347_AC_WP20,AA,AC_WP20,WP,WP20,20,3.33810288793533,-2.10524121872499,3.53613276156197,0.117272985278953,-0.0419948668955671,-0.288847306066894
KP0348_LM_WP20,KP0348_LM_WP20,AL,LM_WP20,WP,WP20,20,-11.3956590659122,-2.13836301731603,-0.00495843882978134,0.171917945662942,-0.87021792350972,0.076080846195103
KP0350_LM_WP20,KP0350_LM_WP20,AL,LM_WP20,WP,WP20,20,-11.575029146431,-2.13321198240154,0.0142572401162065,-0.00790860852960034,-0.934075036577484,-0.0486848497815685
KP0354_AC_WP20,KP0354_AC_WP20,AA,AC_WP20,WP,WP20,20,3.4812045047349,-2.42483654655324,-0.435190928707155,-0.0257709848606261,-0.0343954465882599,-0.600207204216878
KP0355_AC_WP20,KP0355_AC_WP20,AA,AC_WP20,WP,WP20,20,2.63002125017706,-1.97305556465338,-0.313262601316517,-0.00919048358489104,-0.0240412685690877,-0.677981490421089
KP0360_AC_WP20,KP0360_AC_WP20,AA,AC_WP20,WP,WP20,20,3.53128254342827,-2.46157435383287,-0.0405154167968884,0.0166912339174031,-0.0111577812356818,-0.641087116176096
KP0365_AC_WP20,KP0365_AC_WP20,AA,AC_WP20,WP,WP20,20,3.37154163013069,-2.3055199525729,-0.414375322259295,-0.0483039653827782,-0.0976296113371242,-0.0115785264267332
KP0368_AC_WP20,KP0368_AC_WP20,AA,AC_WP20,WP,WP20,20,3.38548352563299,-2.52017672649343,-0.798930733972239,-0.0296963812658784,-0.0137382723043735,0.0466910850737268
KP0369_AC_WP20,KP0369_AC_WP20,AA,AC_WP20,WP,WP20,20,3.34703449256099,-2.17723024224459,3.5602251016828,0.149421647146887,-0.0641340124532132,0.0912335295210642
KP0372_AC_WP20,KP0372_AC_WP20,AA,AC_WP20,WP,WP20,20,3.52438675472837,-2.43295531799221,-0.123830545516067,0.00711767701146938,-0.0458074831254408,-0.863472867641158
KP0374_AC_WP20,KP0374_AC_WP20,AA,AC_WP20,WP,WP20,20,3.25740410076113,-2.30572953793312,-0.175332400464017,-0.00221126653769754,0.00445278949885019,-0.539662410553119
KP0375_LM_WP20,KP0375_LM_WP20,AL,LM_WP20,WP,WP20,20,-10.9917466586846,-1.96409039650876,0.140640978855841,0.045082220295001,-0.709098772935313,-0.0462642275272352
KP0377_LM_WP20,KP0377_LM_WP20,AL,LM_WP20,WP,WP20,20,-10.9215055303996,-1.88853337259256,-0.187898872712345,-0.189341474379116,1.7402827283429,0.0708473348009668
KP0378_AC_WP20,KP0378_AC_WP20,AA,AC_WP20,WP,WP20,20,0.035067626430806,6.83475910371098,-0.199010417795634,1.18685777967999,0.114631255082032,-0.357168818169148
KP0379_AC_WP20,KP0379_AC_WP20,AA,AC_WP20,WP,WP20,20,2.18036840253224,-1.76236318152687,2.63284027264034,0.160262746951401,0.0245455776899735,-0.216656571677167
KP0380_LM_WP20,KP0380_LM_WP20,AL,LM_WP20,WP,WP20,20,-11.4676157503993,-2.15437621124561,0.0222043902773595,-0.131078400584839,-1.044208682603,0.0290769077582573
KP0383_AC_WP20,KP0383_AC_WP20,AA,AC_WP20,WP,WP20,20,3.45115078724524,-2.31740786701048,-0.790124006286308,-0.0527710667615417,0.0314841611485232,-0.516052652066454
KP0395_AC_WP20,KP0395_AC_WP20,AA,AC_WP20,WP,WP20,20,3.2839972249416,-2.09529037808931,4.0160715578169,0.134879229458053,-0.00713082538160515,-0.0298570809388137
KP0396_AC_WP20,KP0396_AC_WP20,AA,AC_WP20,WP,WP20,20,3.22783056250588,-2.04561223776715,4.00437356501292,0.127711590940591,-0.000946995703207751,-0.0249356028923298
KP0399_LM_WP20,KP0399_LM_WP20,AA,LM_WP20,WP,WP20,20,3.29116421790367,-2.06326799845756,3.75081829930526,0.123889546004018,-0.0225912480756525,0.0400880566448592
KP0400_LM_WP20,KP0400_LM_WP20,AL,LM_WP20,WP,WP20,20,-10.865797125146,-1.87973544854133,-0.0197782509591356,-0.0645052162941227,2.41582216108707,0.0351790008181072
KP0405_AC_WP20,KP0405_AC_WP20,AA,AC_WP20,WP,WP20,20,3.53776414374768,-2.49289316937763,-0.599645841967773,-0.000413458150812942,0.0606777875602662,-0.87504398620243
KP0406_NA_NANA,KP0406_NA_NANA,AA,NA_NANA,WP,NANA,20,3.38168392324926,-2.5400375022519,-0.474947117515505,0.039116056513433,0.0224691816546656,-0.400123490278471
KP0407_AC_CA05,KP0407_AC_CA05,AA,AC_CA05,CA,CA05,5,2.42465398176485,-2.11341862473908,-0.512326099916339,0.107490965111906,0.128066893427227,0.71872070442947
KP0408_AC_CA05,KP0408_AC_CA05,AA,AC_CA05,CA,CA05,5,3.38909650540285,-2.38318678341342,-0.0412389580061055,0.024252122833692,-0.0490219889194169,0.224805732520866
KP0409_AC_CA05,KP0409_AC_CA05,AA,AC_CA05,CA,CA05,5,2.98511848658991,-2.27919201998519,-0.485846178487675,0.0823848686637022,0.0122099414196824,0.0165056979555696
KP0410_HU_CA05,KP0410_HU_CA05,AH,HU_CA05,CA,CA05,5,0.44667083773809,8.28105572082535,-0.085564064668427,1.09294731528754,0.0358732312624677,-0.0631106550395793
KP0413_HU_CA05,KP0413_HU_CA05,AH,HU_CA05,CA,CA05,5,0.190730978829231,7.46953789548135,0.00888038910937647,0.619719773366433,-0.0316461790269714,-0.000983223102377807
KP0414_HU_CA05,KP0414_HU_CA05,AH,HU_CA05,CA,CA05,5,0.207274928959544,7.89096941098849,-0.0155188812439183,1.57486191475006,0.0803763608151338,0.0254263000134775
KP0417_HU_CA05,KP0417_HU_CA05,AH,HU_CA05,CA,CA05,5,0.305258502166142,8.31287331636575,-0.129938221124797,1.28364970528388,0.117245654451059,0.0593154518056253
KP0418_HU_CA05,KP0418_HU_CA05,AH,HU_CA05,CA,CA05,5,0.167492638619158,8.37320300517776,-0.0648227580319038,1.13075734404549,0.0186103493321805,-0.0313757905738393
KP0420_HU_CA05,KP0420_HU_CA05,AH,HU_CA05,CA,CA05,5,0.161876592193841,8.10302338820168,-0.12692602128428,1.55601765898416,-0.0964595273141109,0.126196092039295
KP0423_HU_CA05,KP0423_HU_CA05,AH,HU_CA05,CA,CA05,5,0.501839459375547,6.90558368019814,0.0158981136895072,1.08341814355563,-0.0939095602259904,0.00534650346095399
KP0424_AC_CA05,KP0424_AC_CA05,AA,AC_CA05,CA,CA05,5,3.51321229625868,-2.40363996324766,-0.45414091018141,-0.0157741873147236,-0.0597318451960111,0.721534051476259
KP0426_HU_CA05,KP0426_HU_CA05,AH,HU_CA05,CA,CA05,5,0.369541943197159,8.01588970294255,-0.093834346553479,0.953582971726925,-0.00321431607731623,0.0250197276011946
KP0427_HU_CA05,KP0427_HU_CA05,AH,HU_CA05,CA,CA05,5,0.271792304274187,7.7860700500919,-0.0336458393549924,1.16995546483219,-0.0426167376963363,-0.000836235522861244
KP0429_HU_CA05,KP0429_HU_CA05,AH,HU_CA05,CA,CA05,5,0.237428972510479,8.20706246885936,-0.135235143023193,1.93731666437216,0.169736221128536,-0.0621470913155126
KP0431_HU_CA05,KP0431_HU_CA05,AH,HU_CA05,CA,CA05,5,3.38855419079808,-2.40056908775893,-0.476988099155246,-0.0017569821489488,-0.0128393205831291,-0.239824953467328
KP0432_HU_CA05,KP0432_HU_CA05,AH,HU_CA05,CA,CA05,5,0.329566016914964,7.93747033462563,-0.0333595823427912,0.41987575347591,0.0233079962823339,-0.0089753025797267
KP0434_HU_CA05,KP0434_HU_CA05,AH,HU_CA05,CA,CA05,5,0.251092130707237,8.07172183328983,-0.0667346245980558,1.61539304658726,0.0108647961532792,-0.0646467465456151
KP0435_HU_CA05,KP0435_HU_CA05,AH,HU_CA05,CA,CA05,5,0.251763166250131,8.61453613548945,-0.0886064455550137,1.68158822239124,0.0201358319291936,-0.0229555714162043
KP0436_HU_CA05,KP0436_HU_CA05,AH,HU_CA05,CA,CA05,5,0.402844128148539,7.25950773233699,-0.0444962724292495,-0.492865294442593,-0.0425765780207856,0.182945014750449
KP0437_HU_CA05,KP0437_HU_CA05,AH,HU_CA05,CA,CA05,5,0.311164445451292,7.32897737221838,0.070411519784718,-0.692187719390618,-0.0720592770415402,0.103390228214923
KP0438_HU_CA05,KP0438_HU_CA05,AH,HU_CA05,CA,CA05,5,0.386287198424908,8.38387095033656,-0.188380536889654,1.5956966839219,0.154948848545733,-0.000359667652702325
KP0439_HU_CA05,KP0439_HU_CA05,AH,HU_CA05,CA,CA05,5,0.397984611815963,8.41591676880848,-0.0703474974794362,1.52668652146251,0.014488465169221,-0.0310204229834203
KP0441_AC_CA05,KP0441_AC_CA05,AA,AC_CA05,CA,CA05,5,3.44659219788858,-2.44196919458229,-0.204844938369072,-0.00294664083682688,-0.065947384434638,-0.0119722854954094
KP0450_AC_WP20,KP0450_AC_WP20,AA,AC_WP20,WP,WP20,20,3.0480756175722,-2.21189984767434,-0.408929079851095,-0.0449610215180882,0.00508625656125521,-0.992352792858673
KP0452_AC_WP20,KP0452_AC_WP20,AA,AC_WP20,WP,WP20,20,3.29507321133243,-1.9928408024025,4.01302143757766,0.160629376341872,-0.000239961777844238,-0.436054565958999
KP0454_AC_WP20,KP0454_AC_WP20,AA,AC_WP20,WP,WP20,20,3.48600348775449,-2.40347621339587,-0.707148413661483,-0.0366646771447315,-0.0335004110894483,-0.311032779384019
KP0457_AC_WP20,KP0457_AC_WP20,AA,AC_WP20,WP,WP20,20,3.43057630444353,-2.46207274098725,-0.584455307123798,-0.0208647451187927,0.0225338971918688,-0.839011674359152
KP0459_LM_WP20,KP0459_LM_WP20,AL,LM_WP20,WP,WP20,20,-11.1515991984753,-1.94826564232813,0.0284353266314839,-0.068593249954646,-1.0110111467278,8.68411105945569e-05
KP0462_AC_WP20,KP0462_AC_WP20,AA,AC_WP20,WP,WP20,20,3.13895861625894,-2.15578901186524,-0.360526904222964,-0.0463934998510245,-0.0850667036420347,-0.0564995206850791
KP0463_AC_WP20,KP0463_AC_WP20,AA,AC_WP20,WP,WP20,20,2.19558975079524,-1.60920409992912,2.66031057261259,0.124687540816865,-0.0244821858259352,-0.188961493506649
KP0464_AC_WP20,KP0464_AC_WP20,AA,AC_WP20,WP,WP20,20,3.25011855508827,-2.28972079162609,-0.659302604330459,0.0378308205799342,0.00734315670075296,-0.549427309701947
KP0468_AC_WP20,KP0468_AC_WP20,AA,AC_WP20,WP,WP20,20,3.29753395801174,-2.31835275993327,-0.405044823087737,-0.0161615523506143,-0.0709301134410699,-0.858742007243908
KP0470_AC_WP20,KP0470_AC_WP20,AA,AC_WP20,WP,WP20,20,2.46414501520389,-2.11954022861355,-0.8412263172834,-0.06234371003625,-0.073509772019938,0.36228765956827
KP0471_AC_WP20,KP0471_AC_WP20,AA,AC_WP20,WP,WP20,20,3.44963999164748,-2.41105949802448,-0.348073140636132,-0.0168098699518648,-0.0574303635087686,-0.713498570154971
KP0473_LM_WP20,KP0473_LM_WP20,AL,LM_WP20,WP,WP20,20,-11.197464353968,-2.07429281601081,-0.00266156901734868,-0.0357631128324445,2.28804535244421,0.0607489944329257
KP0474_AC_WP20,KP0474_AC_WP20,AA,AC_WP20,WP,WP20,20,0.382619304897801,8.36714919203251,-0.054707711361219,1.49535775664829,0.059292522402,0.00915485014362626
KP0477_AC_WP20,KP0477_AC_WP20,AA,AC_WP20,WP,WP20,20,3.25265669144036,-2.18936708500085,-0.633202699705176,-0.0676086241183363,0.103717004105233,-0.361946434854605
KP0479_AC_WP20,KP0479_AC_WP20,AA,AC_WP20,WP,WP20,20,2.32336333173125,-1.71539254906432,-0.561621608288273,-0.0636893522855901,0.0413890296106732,-0.689401629154822
KP0481_AC_WP20,KP0481_AC_WP20,AA,AC_WP20,WP,WP20,20,3.47146944181644,-2.38113271829342,-0.566785000664713,-0.0399527280824725,-0.0258491315807439,-0.103542048099397
KP0482_LM_WP20,KP0482_LM_WP20,AL,LM_WP20,WP,WP20,20,-10.3118246600942,-1.7710673638463,0.023503147411596,0.0807779204011778,-1.25172786329796,-0.141355360423159
KP0484_AC_WP20,KP0484_AC_WP20,AA,AC_WP20,WP,WP20,20,3.13644703704589,-2.31168222750919,-0.451261080134137,-0.0263579151964708,-0.0117450288375424,-0.75948704567212
KP0485_AC_WP20,KP0485_AC_WP20,AA,AC_WP20,WP,WP20,20,3.57418030130948,-2.46330700975554,-0.47324367672173,-0.0107987808658207,-0.0374478342928914,-0.705594050578813
KP0486_AC_WP20,KP0486_AC_WP20,AA,AC_WP20,WP,WP20,20,3.05484913697038,-1.82751787523778,3.44189885066448,0.135729269801815,-0.0850601468961955,-0.126532090030903
KP0487_AC_WP20,KP0487_AC_WP20,AA,AC_WP20,WP,WP20,20,3.61221508352205,-2.5176748268601,-0.523691410998625,-0.0143219171635112,0.00392844286081129,-0.794343381052269
KP0489_AC_WP20,KP0489_AC_WP20,AA,AC_WP20,WP,WP20,20,3.4278129296019,-2.34752579303212,0.102001397026629,0.010334035390726,0.00558353655798188,-0.414528234903437
KP0490_AC_WP20,KP0490_AC_WP20,AA,AC_WP20,WP,WP20,20,3.21321124944532,-2.17972850436561,-0.526566069284147,0.0210816671730412,-0.0522819182245728,-0.905444174928216
KP0491_AC_WP20,KP0491_AC_WP20,AA,AC_WP20,WP,WP20,20,3.45939808532173,-2.37706553304778,-0.331003187920698,-0.0138407941935894,-0.0221976778353417,-1.45394465634421
KP0494_AC_WP20,KP0494_AC_WP20,AA,AC_WP20,WP,WP20,20,3.20404340046705,-2.3973904344799,-0.823386640707576,-0.0410296688771764,0.0307607231211233,-0.798036886189028
KP0505_AC_WP20,KP0505_AC_WP20,AA,AC_WP20,WP,WP20,20,2.18934659279219,-1.75097427669016,-0.510172454514179,0.129161113586101,0.0409576911119795,0.177974864190934
KP0508_AC_WP20,KP0508_AC_WP20,AA,AC_WP20,WP,WP20,20,3.44825128420075,-2.46156252602067,-0.632425787416496,0.00597346902125362,-0.0255826753634518,-0.669343075942599
KP0512_AC_WP20,KP0512_AC_WP20,AA,AC_WP20,WP,WP20,20,3.49878015416103,-2.44173511385863,-0.370441724050505,-0.00118538602049245,0.0168243679889224,-0.524841667514224
KP0516_AC_WP20,KP0516_AC_WP20,AA,AC_WP20,WP,WP20,20,3.37758607047711,-2.37701357588509,-0.461617709613789,-0.0205976121757972,-0.0803553342086617,-0.480649916875874
KP0521_AC_WP20,KP0521_AC_WP20,AA,AC_WP20,WP,WP20,20,3.24731755490173,-2.36177149534942,-0.186014951117307,-0.0108033348810402,-0.0431423391557158,-1.00462977273858
KP0523_AC_WP20,KP0523_AC_WP20,AA,AC_WP20,WP,WP20,20,3.41534752454962,-2.34923735757155,-0.462217423161173,-0.0284866159947976,0.0289679373216085,-0.90000721916876
KP0529_LM_WP20,KP0529_LM_WP20,AL,LM_WP20,WP,WP20,20,-3.30494371540982,-2.38502821987953,-0.521392271124502,-0.0874724515131502,-0.245543540152784,-0.719687359496239
KP0530_AC_WP20,KP0530_AC_WP20,AA,AC_WP20,WP,WP20,20,3.33438444738558,-2.40983690459767,-0.443171751751941,-0.0186165719411484,0.0757518500873519,-0.633728931266231
KP0532_AC_WP20,KP0532_AC_WP20,AA,AC_WP20,WP,WP20,20,3.40131685597803,-2.30902098144954,-0.132178902449148,-0.0353363418476856,0.0409766708807788,-0.810712108291289
KP0533_AC_WP20,KP0533_AC_WP20,AA,AC_WP20,WP,WP20,20,3.21764072784323,-2.27653882798968,-0.006172945991878,-0.0149259897792996,0.0511984667631661,-0.666975490810992
KP0535_AC_WP20,KP0535_AC_WP20,AA,AC_WP20,WP,WP20,20,3.41927595890558,-2.47614127580153,-0.313941714477325,0.0187419662848834,-0.0322633109992049,-0.674460151257947
KP0536_AC_WP20,KP0536_AC_WP20,AA,AC_WP20,WP,WP20,20,3.18282139884846,-2.24159424174274,-0.262900248392645,0.0119474792146113,-0.0513299081342673,-1.01902335439779
KP0537_AC_WP20,KP0537_AC_WP20,AA,AC_WP20,WP,WP20,20,3.4940075448277,-2.37910610994088,-0.451856912772347,-0.0266562388571822,0.00836064238330573,-0.751390303794268
KP0540_AC_WP20,KP0540_AC_WP20,AA,AC_WP20,WP,WP20,20,0.35980531721851,8.50327623955917,-0.20148238430262,1.60102835396815,0.0525433361292107,0.0287203951464724
KP0545_AC_WP20,KP0545_AC_WP20,AA,AC_WP20,WP,WP20,20,3.21792517927254,-2.28786418819859,-0.120381008704782,-0.0501137211933736,0.0200940094748821,-0.45907466284791
KP0546_AC_WP20,KP0546_AC_WP20,AA,AC_WP20,WP,WP20,20,3.462405487991,-2.51441999239236,-0.570529129860698,0.00371620315975713,-0.0112455692258515,-0.461454765519071
KP0547_LM_WP20,KP0547_LM_WP20,AL,LM_WP20,WP,WP20,20,-10.6997207935552,-2.01938060052475,0.0706615525534632,0.028983473460154,2.42474665088919,0.0875270070133986
KP0548_LM_WP20,KP0548_LM_WP20,AL,LM_WP20,WP,WP20,20,-10.638175734743,-1.8799081085927,-0.033788449364483,-0.056303975138911,1.89134890301116,-0.0260270240324247
KP0551_LM_WP20,KP0551_LM_WP20,AL,LM_WP20,WP,WP20,20,-11.1565282368342,-2.0178174246237,-0.0803193888293764,0.18852247501557,-1.28627617726733,0.0276329486051981
KP0552_AC_WP20,KP0552_AC_WP20,AA,AC_WP20,WP,WP20,20,0.330793482099633,8.43771469338939,-0.0933112268906688,1.7006304509483,0.0374541339786652,-0.046054762331316
KP0554_AC_WP20,KP0554_AC_WP20,AA,AC_WP20,WP,WP20,20,3.33777959259892,-2.41481468943711,-0.305073287113247,0.0592207213490128,0.0834871953303899,-1.08513846501105
KP0558_LM_WP20,KP0558_LM_WP20,AL,LM_WP20,WP,WP20,20,-11.2210726236155,-2.03589328995428,-0.0989697071762985,0.148239849085293,-1.09362564303311,0.0781848763224949
KP0559_AC_WP20,KP0559_AC_WP20,AA,AC_WP20,WP,WP20,20,2.52951355751224,-1.64697669618315,3.08770676699111,0.136840127338736,0.00590283151186556,-0.180593716103375
KP0563_AC_WP20,KP0563_AC_WP20,AA,AC_WP20,WP,WP20,20,3.34093086585296,-2.31068260739783,3.61780349707812,0.179899100625306,-0.0356171194574632,0.0603873330792506
KP0568_AC_WP20,KP0568_AC_WP20,AA,AC_WP20,WP,WP20,20,3.36563529675498,-2.31825297726692,-0.122905751082704,0.0216875957905677,-0.0205039088276726,-0.833313149037882
KP0569_AC_WP20,KP0569_AC_WP20,AA,AC_WP20,WP,WP20,20,3.2652371839142,-2.04238138641035,3.90573258607903,0.0912199264173822,0.0432378972737293,-0.163763162733833
KP0570_LM_WP20,KP0570_LM_WP20,AL,LM_WP20,WP,WP20,20,-11.3103261195409,-2.17108759358279,-0.0367232141672815,0.14926183009179,-1.4362226944667,0.0177054914076877
KP0571_AC_WP20,KP0571_AC_WP20,AA,AC_WP20,WP,WP20,20,3.40304612300606,-2.39650780023919,-0.818416110929001,-0.0291275486607138,0.0208750437893805,-0.789237467060527
KP0572_AC_WP20,KP0572_AC_WP20,AA,AC_WP20,WP,WP20,20,3.48156841099193,-2.43908574482442,-0.454742087844791,-0.00940626558979866,0.0517001689918618,-0.858941135951836
KP0575_AC_WP20,KP0575_AC_WP20,AA,AC_WP20,WP,WP20,20,3.34031747920833,-2.0659046297775,3.48818290300748,0.114110781579606,-0.0787645890000632,-0.00292063743435828
KP0576_AC_WP20,KP0576_AC_WP20,AA,AC_WP20,WP,WP20,20,3.33182562236512,-2.12588903364104,3.56675086088196,0.134597984407416,-0.0693312588359698,0.0100405297575275
KP0579_AC_WP20,KP0579_AC_WP20,AA,AC_WP20,WP,WP20,20,2.56919519812692,-2.03490306294459,-0.480745657285978,0.0722166324815771,-0.0477643950531386,-0.71141972316876
KP0581_AC_WP20,KP0581_AC_WP20,AA,AC_WP20,WP,WP20,20,3.27222096222202,-2.11387621330871,3.94787836445837,0.18024087487303,-0.0831110785645053,0.273645610740055
KP0582_AC_WP20,KP0582_AC_WP20,AA,AC_WP20,WP,WP20,20,0.300411246141061,8.52478784814218,-0.0842937176075579,0.646954829682844,0.00744818017423123,-0.00812889293854886
KP0584_AC_WP20,KP0584_AC_WP20,AA,AC_WP20,WP,WP20,20,3.17905274668219,-2.12681782963654,3.65239217361282,0.157293693332177,-0.0619504417906983,0.104275000599704
KP0585_LM_WP20,KP0585_LM_WP20,AL,LM_WP20,WP,WP20,20,-10.9066810631462,-2.49233003454182,0.0107320300943769,0.0446656580575366,-1.1103073655223,0.0078755404862002
KP0588_LM_WP20,KP0588_LM_WP20,AL,LM_WP20,WP,WP20,20,-11.2133343011545,-1.99343315508524,0.0198482887209743,-0.259006492041134,1.81718879026598,-0.0108297169953001
KP0590_AC_WP20,KP0590_AC_WP20,AA,AC_WP20,WP,WP20,20,3.31707110547603,-2.09452210085126,4.00224188351355,0.139644991020244,0.00411409964288664,-0.0893805252351154
KP0593_AC_SB20,KP0593_AC_SB20,AA,AC_SB20,SB,SB20,20,2.73351305630592,-2.15266614978766,-0.18029337471249,0.0303120169701121,-0.0694265291248272,0.565952238378713
KP0596_AC_SB20,KP0596_AC_SB20,AA,AC_SB20,SB,SB20,20,3.29738661046709,-2.3637309346213,-0.185637041100664,0.038926240941101,-0.0278645721454834,1.29530800848376
KP0599_LM_SB20,KP0599_LM_SB20,AL,LM_SB20,SB,SB20,20,-11.4377207629099,-2.13294010603378,-0.0675051952432083,0.140248841026292,-0.846038755687835,-0.015947635544725
KP0600_AC_SB20,KP0600_AC_SB20,AA,AC_SB20,SB,SB20,20,3.39233247953159,-2.37395992717307,-0.248812435901758,0.0262169601274215,-0.0170460215369181,0.182726967858446
KP0604_AC_SB20,KP0604_AC_SB20,AA,AC_SB20,SB,SB20,20,3.55675107051117,-2.44590478746447,-0.449555441625158,-0.00233762611842841,-0.000320678696653603,0.206471071203421
KP0605_AC_SB20,KP0605_AC_SB20,AL,AC_SB20,SB,SB20,20,-11.3072158142694,-1.94709741985741,-0.0294514716704423,0.062155623352981,-1.02940909745063,0.00402943553350747
KP0607_AC_SB20,KP0607_AC_SB20,AA,AC_SB20,SB,SB20,20,3.19210847796622,-2.06816910289775,3.40368422941155,0.122292792093311,0.00982625722920664,0.255890130687981
KP0608_AC_SB20,KP0608_AC_SB20,AA,AC_SB20,SB,SB20,20,3.4762815917769,-2.4257673712911,-0.373441163248227,0.0145150969088396,0.0126425218779768,-0.537561983978474
KP0609_AC_SB20,KP0609_AC_SB20,AL,AC_SB20,SB,SB20,20,-10.975573847854,-1.96446815698608,-0.0699523775296373,0.0858151593018176,-1.25292495565663,0.0326423105763328
KP0611_LM_SB20,KP0611_LM_SB20,AA,LM_SB20,SB,SB20,20,3.05774999017025,-2.35589568811049,-0.301805069631912,-0.0165279522316917,0.0309621614297853,1.24226293525379
KP0613_LM_SB20,KP0613_LM_SB20,AL,LM_SB20,SB,SB20,20,-11.353009863837,-2.00478052780419,-9.99410863304988e-05,0.0582940315882022,-1.08517293642006,0.0351587132502804
KP0614_LM_SB20,KP0614_LM_SB20,AL,LM_SB20,SB,SB20,20,-11.1453359688874,-2.01867291078818,0.121885951103903,0.0564197870377242,-0.854015045180401,0.024126395612171
KP0616_LM_SB20,KP0616_LM_SB20,AL,LM_SB20,SB,SB20,20,-10.817185276225,-1.90719204757198,-0.00846838834927393,-0.0335463624793991,-0.989197566652546,-0.034730099866788
KP0617_LM_SB20,KP0617_LM_SB20,AL,LM_SB20,SB,SB20,20,-11.5026571774884,-2.14113071239913,0.00952235127793853,0.0914677498019152,-1.2317295643342,-0.0274053094317097
KP0618_LM_SB20,KP0618_LM_SB20,AL,LM_SB20,SB,SB20,20,-11.2629962722625,-2.11268751040337,0.0536658291698945,-0.131811004779065,2.50135965841188,-0.080167729383102
KP0620_LM_SB20,KP0620_LM_SB20,AL,LM_SB20,SB,SB20,20,-11.2613260862827,-2.00979252736639,-0.12357605063101,0.171514383171979,-1.22172388105373,0.0741299124096011
KP0625_AC_SB20,KP0625_AC_SB20,AA,AC_SB20,SB,SB20,20,3.42081472177732,-2.54443169830131,-0.661770783549206,0.000820564890151373,-0.01633264390923,0.623340147577771
KP0626_AC_SB20,KP0626_AC_SB20,AA,AC_SB20,SB,SB20,20,3.171908601065,-2.46829544074662,-0.124954149782717,0.00615795783656448,-0.0785750573353152,1.0983111362304
KP0629_LM_SB20,KP0629_LM_SB20,AL,LM_SB20,SB,SB20,20,-11.4962930006084,-2.08937707050857,-0.00915335180034146,-0.104594684399833,-1.06923761950638,0.027303658221473
KP0631_LM_SB20,KP0631_LM_SB20,AL,LM_SB20,SB,SB20,20,-9.82787350990415,-0.369199285442616,0.0220984184116501,0.212367603823131,-1.15762781916016,-0.230348117263262
KP0634_LM_SB20,KP0634_LM_SB20,AL,LM_SB20,SB,SB20,20,-11.0222675008647,-2.0182325610126,-0.0280151576360003,0.0145167724440963,-1.17686121108484,0.146944883058314
KP0636_AC_SB20,KP0636_AC_SB20,AA,AC_SB20,SB,SB20,20,2.98556919496367,-2.17163477564574,0.165751740971673,-0.000423149429973701,-0.110269904228968,0.603100560483906
KP0638_AC_SB20,KP0638_AC_SB20,AA,AC_SB20,SB,SB20,20,2.68626646439707,-1.98400654835272,0.118169397440238,0.0399397431588883,-0.0655233885869793,0.574749294497417
KP0639_LM_SB20,KP0639_LM_SB20,AH,LM_SB20,SB,SB20,20,0.307171489981862,8.29687985954027,-0.12226787541891,1.42433152502273,0.0695256085165919,0.0680084664636204
KP0640_AC_SB20,KP0640_AC_SB20,AA,AC_SB20,SB,SB20,20,3.39039142185624,-2.38575106615094,-0.251780076933293,-0.0284549998269405,0.0079932978488255,0.606078882277338
KP0643_AC_SB20,KP0643_AC_SB20,AA,AC_SB20,SB,SB20,20,3.07176024279912,-2.26134216955564,-0.553126984999733,-0.0182709574766764,0.0510522166038452,0.888188572392453
KP0645_AC_SB20,KP0645_AC_SB20,AA,AC_SB20,SB,SB20,20,3.381372414642,-2.29036010142176,-0.377767317511717,-0.038434222925515,-0.0184304184630289,0.242605585209729
KP0646_AC_SB20,KP0646_AC_SB20,AA,AC_SB20,SB,SB20,20,3.48596734006483,-2.47715505411547,-0.512086396999256,-0.0242128053876987,-0.0478700647080182,0.376624879813649
KP0647_AC_SB20,KP0647_AC_SB20,AA,AC_SB20,SB,SB20,20,3.56390543081513,-2.5782780981466,-0.310822951671255,0.0112906804370109,-0.00631450143532986,0.414928035961703
KP0648_AC_SB20,KP0648_AC_SB20,AA,AC_SB20,SB,SB20,20,2.79931524667744,-2.25515761138551,-0.375026667486562,-0.0375343452481352,0.00669033676335144,0.198247546946213
KP0649_AC_SB20,KP0649_AC_SB20,AA,AC_SB20,SB,SB20,20,3.4662594516366,-2.39512378097739,-0.177675897347918,0.0163395335187048,0.0823371789740363,0.897176873462306
KP0650_LM_SB20,KP0650_LM_SB20,AL,LM_SB20,SB,SB20,20,-11.0607225459305,-1.90322505432246,0.00217177437020781,0.321723178842535,-0.876515454427736,-0.0168657421902624
KP0652_AC_SB20,KP0652_AC_SB20,AA,AC_SB20,SB,SB20,20,3.51990859373713,-2.57370035676729,-0.388621398902273,0.00369840063174671,-0.0422398202809463,0.702198907262151
KP0654_AC_SB20,KP0654_AC_SB20,AA,AC_SB20,SB,SB20,20,2.62635987292894,-1.90631657660966,-0.240386875847953,-0.00129155698366819,-0.0467206240163353,0.446473099829381
KP0657_LM_SB20,KP0657_LM_SB20,AL,LM_SB20,SB,SB20,20,-11.2405981607526,-2.05508658004002,-0.00483170664235416,0.148893994667056,-1.37413732287291,0.0252916403608757
KP0660_AC_SB20,KP0660_AC_SB20,AA,AC_SB20,SB,SB20,20,3.52911631968547,-2.51332095343454,-0.422831042327941,0.0231658231448853,0.00586618882902792,0.481397784145286
KP0661_AC_SB20,KP0661_AC_SB20,AA,AC_SB20,SB,SB20,20,3.50565850537343,-2.40602346722846,-0.352064036300401,0.0165150990351256,-0.0197625363832566,-0.195878622519512
KP0662_AC_SB20,KP0662_AC_SB20,AA,AC_SB20,SB,SB20,20,3.4984674314797,-2.44764810801634,-0.3460893366709,-0.00515193114291294,0.0215069534219821,-0.137104116130552
KP0664_LM_SB20,KP0664_LM_SB20,AL,LM_SB20,SB,SB20,20,-11.1746496570562,-1.99866707739076,-0.0570633826238728,-0.270340762555444,2.40994257547382,-0.0525430328216413
KP0665_AC_SB20,KP0665_AC_SB20,AA,AC_SB20,SB,SB20,20,3.17569822388116,-2.26261416288076,-0.447668500404849,-0.0438338747846968,0.0251572553490682,0.20909850561453
KP0666_LM_SB20,KP0666_LM_SB20,AL,LM_SB20,SB,SB20,20,-10.3870735342673,-1.74169924669912,0.0603098864477413,-0.0160304734848405,2.57205953883191,-0.0512166307586618
KP0667_AC_SB20,KP0667_AC_SB20,AA,AC_SB20,SB,SB20,20,3.48605842978844,-2.47823811752886,-0.383646258608825,0.0262305401663971,-0.013123190994475,0.52478204541599
KP0668_AC_SB20,KP0668_AC_SB20,AA,AC_SB20,SB,SB20,20,3.49562026419255,-2.45286611607232,-0.0219142381265281,0.0345148340137806,0.0135219412817219,0.450818909629442
KP0669_AC_SB20,KP0669_AC_SB20,AA,AC_SB20,SB,SB20,20,3.37491291359997,-2.5474855047122,-0.359284732434075,0.0303494298277449,-0.0652284997253806,-0.519221291098844
KP0670_LM_SB20,KP0670_LM_SB20,AL,LM_SB20,SB,SB20,20,-11.1272746076562,-2.02888367844355,-0.016529184072467,-0.155348742256832,0.656892711297244,0.0560711479486503
KP0671_AC_SB20,KP0671_AC_SB20,AL,AC_SB20,SB,SB20,20,-10.8031321986587,-1.96490290896706,0.0197520780829213,0.153252781073402,-1.36903697164911,-0.0017397726171416
KP0676_LM_SB20,KP0676_LM_SB20,AL,LM_SB20,SB,SB20,20,-10.6621647070791,-1.84253217095856,-0.00174520252543712,-0.0849722526107672,2.31255420611521,-0.0546006946590941
KP0677_LM_SB20,KP0677_LM_SB20,AL,LM_SB20,SB,SB20,20,-11.2417961514731,-1.97588837000717,-0.0601000081570852,0.0424869971040466,-1.28450271748721,-0.0282600164608898
KP0678_AC_SB20,KP0678_AC_SB20,AA,AC_SB20,SB,SB20,20,3.33210591970127,-2.15731586256857,3.06086771320354,0.136602362256332,-1.25756521825705e-05,0.468002672989234
KP0679_AC_SB20,KP0679_AC_SB20,AA,AC_SB20,SB,SB20,20,3.34426923290151,-2.22416737711851,-0.030828600616177,-0.0327750379713381,-0.0339347642573945,0.396379849782664
KP0680_LM_SB20,KP0680_LM_SB20,AL,LM_SB20,SB,SB20,20,-10.5242275401997,-1.98250662751555,-0.0802686054100032,0.186248900551289,-1.4672102606439,-0.125185581990702
KP0682_LM_SB20,KP0682_LM_SB20,AL,LM_SB20,SB,SB20,20,-10.8855707088415,-1.96506653021548,-0.0570478008918854,-0.161623574260086,-1.1401562190071,-0.0962821882958037
KP0686_AC_SB20,KP0686_AC_SB20,AA,AC_SB20,SB,SB20,20,3.34791735693681,-2.36520291567568,0.162822741137991,0.0149160186127592,-0.0289996088418496,0.54055549367163
KP0688_AC_SB20,KP0688_AC_SB20,AA,AC_SB20,SB,SB20,20,3.34409921669452,-2.31645847484839,0.00479386309058572,-0.0251098571614398,-0.0674297842800182,1.12007504757213
KP0690_AC_SB20,KP0690_AC_SB20,AA,AC_SB20,SB,SB20,20,3.11542124133068,-2.1155017299264,3.44847175338062,0.139838844551337,-0.0136231462500547,0.261375516894773
KP0691_AC_SB20,KP0691_AC_SB20,AA,AC_SB20,SB,SB20,20,3.49097462551781,-2.41474332358687,-0.201300600062682,-0.0125592162074402,0.00243564286863939,0.819201883784861
KP0694_LM_SB20,KP0694_LM_SB20,AL,LM_SB20,SB,SB20,20,-10.6157513162335,-1.91074239980575,0.0810708241558295,0.16420961823313,-1.00148563301221,-0.0687868062299183
KP0696_AC_SB20,KP0696_AC_SB20,AA,AC_SB20,SB,SB20,20,3.30361975820352,-2.15628523186436,2.69069395966976,0.0927743922068437,0.0311820368472714,0.128914203738561
KP0698_AC_SB20,KP0698_AC_SB20,AA,AC_SB20,SB,SB20,20,3.49701166060964,-2.41458130963869,-0.167558220561491,-0.0130798679276505,-0.00229346808864828,0.802504063341087
KP0703_AC_SB20,KP0703_AC_SB20,AA,AC_SB20,SB,SB20,20,3.29142858039026,-2.21273686893666,0.119456864844699,0.0447840353741202,-0.0244006460843332,0.283352913295231
KP0704_AC_SB20,KP0704_AC_SB20,AA,AC_SB20,SB,SB20,20,3.41395102020003,-2.37958968415107,-0.269735917430691,-0.00488865232106617,-0.041320597734518,0.473722456918223
KP0706_LM_SB20,KP0706_LM_SB20,AL,LM_SB20,SB,SB20,20,-11.2805643689199,-2.13886609789787,-0.0017756420202229,0.0713417022813363,-1.03630434466085,0.0656907440703423
KP0707_LM_SB20,KP0707_LM_SB20,AL,LM_SB20,SB,SB20,20,-11.1877140904434,-2.12481158027781,-0.084412237030215,0.0498358592397651,-1.10025594361708,0.0646930241997726
KP0708_AC_SB20,KP0708_AC_SB20,AA,AC_SB20,SB,SB20,20,3.21305248165849,-2.39690722425415,-0.467172939458185,-0.0151146298013245,0.0638173282844818,0.154722467939662
KP0711_AC_SB20,KP0711_AC_SB20,AA,AC_SB20,SB,SB20,20,3.19408657208376,-2.31283548151089,-0.111584369858658,0.0149338780755968,0.0496933103651057,0.805338279927783
KP0712_AC_SB20,KP0712_AC_SB20,AA,AC_SB20,SB,SB20,20,2.0894427839875,-1.65522319588504,-0.609589386210455,-0.0212416934582536,0.00411806674206214,0.105023378451386
KP0714_AC_SB20,KP0714_AC_SB20,AA,AC_SB20,SB,SB20,20,3.24832490460531,-2.30624043082849,-0.24559507809424,-0.0260944787579578,0.0663490457717421,0.662077817589594
KP0716_LM_SB20,KP0716_LM_SB20,AL,LM_SB20,SB,SB20,20,-10.9991153284777,-2.11309561694869,-0.0178778999059711,-0.00221039710910417,2.27352197537404,0.0669302117433336
KP0717_AC_SB20,KP0717_AC_SB20,AA,AC_SB20,SB,SB20,20,3.06291809659185,-2.36561820385009,-0.580804401593247,-0.00901294702618887,-0.0497516018365994,1.08542994713833
KP0718_LM_SB20,KP0718_LM_SB20,AL,LM_SB20,SB,SB20,20,-11.3369117815214,-1.94142840026716,-0.00127593031880194,0.0895709484723762,-0.947794802077105,-0.083687724786344
KP0720_AC_SB20,KP0720_AC_SB20,AA,AC_SB20,SB,SB20,20,3.13744801856592,-2.45798009518537,-0.328167881108012,0.0367462061487685,0.0256384311601294,0.22293413238207
KP0723_NA_NANA,KP0723_NA_NANA,AL,NA_NANA,SB,NANA,20,-11.3444959608792,-2.05892035678255,-0.0915608170927854,0.111902771936405,-1.10442151889418,0.0330071699612937
KP0724_AC_SB20,KP0724_AC_SB20,AA,AC_SB20,SB,SB20,20,2.34760244191238,-1.99864743918281,-0.519523815486664,0.00383078207031447,-0.0005834592525735,-0.200537111078731
KP0727_AC_SB20,KP0727_AC_SB20,AA,AC_SB20,SB,SB20,20,3.37272564075557,-2.40060982427592,-0.0761832971324914,0.0310553378676363,0.0316497324536155,1.01301607575591
KP0730_AC_SB20,KP0730_AC_SB20,AA,AC_SB20,SB,SB20,20,3.42214690824062,-2.5296194352549,-0.443286449602526,-0.030350460938958,-0.0545942618220737,-0.341295579536147
KP0731_LM_SB20,KP0731_LM_SB20,AL,LM_SB20,SB,SB20,20,-11.4659083949595,-1.99561997980613,0.0332478030730116,-0.0995590224587453,1.81938275286143,0.085987125613808
KP0732_LM_SB20,KP0732_LM_SB20,AL,LM_SB20,SB,SB20,20,-11.2579057301511,-1.94681105440502,-0.0657448237074197,0.192734558260074,-1.05335746546944,0.119295180626319
KP0734_AC_SB20,KP0734_AC_SB20,AA,AC_SB20,SB,SB20,20,3.34734103337982,-2.41296452657986,-0.339849919683327,-0.00616543095038984,-0.0281116637695428,1.07361639337516
KP0739_HU_WP10,KP0739_HU_WP10,AH,HU_WP10,WP,WP10,10-12,0.443231212516279,8.43283430332604,-0.0555027741089834,1.08341837732036,0.0297924254393657,-0.0239783466322502
KP0742_AC_WP10,KP0742_AC_WP10,AA,AC_WP10,WP,WP10,10-12,2.56157156949823,-2.05569313078208,-0.284265777237029,0.0164128343967666,0.0441241034854167,-0.399319646799177
KP0744_HU_WP10,KP0744_HU_WP10,AH,HU_WP10,WP,WP10,10-12,0.421578453806234,7.84289697518404,0.0280123656280887,-1.25187209788178,0.0528450926407718,0.0936472976953033
KP0746_AC_WP10,KP0746_AC_WP10,AA,AC_WP10,WP,WP10,10-12,3.4323935496609,-2.39124930038296,-0.444946982273497,-0.0232075054815858,0.0104982188985399,-1.0782313717694
KP0747_AC_WP20,KP0747_AC_WP20,AA,AC_WP20,WP,WP20,20,3.4615228407989,-2.40397420383305,-0.327089344939177,0.00313116163340612,-0.0236780617376136,-0.784126265045259
KP0748_AC_WP10,KP0748_AC_WP10,AA,AC_WP10,WP,WP10,10-12,3.54580417916271,-2.50342290604626,-0.0680357312337823,0.0230964450346028,-0.0401017785379031,-0.50673252028183
KP0749_AC_WP20,KP0749_AC_WP20,AA,AC_WP20,WP,WP20,20,3.43854335672608,-2.40365522033795,-0.150672424265125,0.0102108546079612,-0.0157926325555485,-0.302609007189641
KP0751_AC_WP10,KP0751_AC_WP10,AA,AC_WP10,WP,WP10,10-12,2.96913774216937,-2.28803135292455,-0.553817456113345,-0.0333940489003388,0.0628379059095813,-0.836424017355361
KP0753_AC_WP10,KP0753_AC_WP10,AA,AC_WP10,WP,WP10,10-12,3.48830596531646,-2.47137867602536,-0.343198347605653,-0.00814317966850363,0.0298835727276121,-0.384673304865714
KP0757_AC_WP10,KP0757_AC_WP10,AA,AC_WP10,WP,WP10,10-12,3.35779345720694,-2.36388302569817,-0.303415534196941,-0.0179077728263757,0.0646569671113176,-0.862668924322633
KP0758_AC_WP10,KP0758_AC_WP10,AA,AC_WP10,WP,WP10,10-12,3.4379316090854,-2.39540822132667,-0.372378905306437,-0.00435764558592172,-0.0133857603456708,-0.365540950187253
KP0760_AC_WP10,KP0760_AC_WP10,AA,AC_WP10,WP,WP10,10-12,3.34044300099275,-2.25918470299347,-0.596686873203665,-0.0676170459179706,-0.0226582566012969,-0.84954677666496
KP0761_AC_WP10,KP0761_AC_WP10,AA,AC_WP10,WP,WP10,10-12,3.50241211569734,-2.43868919710077,-0.290164910921801,0.000900760061011781,0.0369328439137875,-0.910962139629072
KP0764_HU_WP10,KP0764_HU_WP10,AH,HU_WP10,WP,WP10,10-12,0.457404823058008,8.01614071350546,-0.105847530411363,1.34714892251256,0.0511974142520259,-0.000574951147216625
KP0765_AC_WP10,KP0765_AC_WP10,AL,AC_WP10,WP,WP10,10-12,-11.3107472705871,-1.98816040426893,0.0282697167451746,-0.0784913095342252,-1.0021573847014,0.0245401916137002
KP0767_AC_WP10,KP0767_AC_WP10,AA,AC_WP10,WP,WP10,10-12,2.18085889783209,-1.66939552733086,-0.438724114179438,-0.0632676492521314,0.00772590529212025,-0.59426266988782
KP0768_HU_WP10,KP0768_HU_WP10,AH,HU_WP10,WP,WP10,10-12,0.334899590487853,7.69656429319203,0.0787588788116042,-0.618019254971305,0.119807213908524,0.21542999525333
KP0769_AC_WP10,KP0769_AC_WP10,AA,AC_WP10,WP,WP10,10-12,3.19382188514584,-2.09637792636343,3.55749230940677,0.136804817235802,-0.0232179896501369,0.163960349564017
KP0771_AC_WP10,KP0771_AC_WP10,AA,AC_WP10,WP,WP10,10-12,3.44807410054763,-2.41882696828893,-0.320649617147277,-0.0262551395966511,0.00742614676327665,-0.855357891526477
KP0773_AC_WP10,KP0773_AC_WP10,AA,AC_WP10,WP,WP10,10-12,3.27100606594496,-2.41826616193746,-0.199086712242889,-0.0138953460319634,0.0568545999028066,-0.191749350287691
KP0774_AC_WP10,KP0774_AC_WP10,AA,AC_WP10,WP,WP10,10-12,0.28090836120565,6.61229735906185,0.121533413738055,-2.54585681505161,-0.266415973054766,-0.0671927616560964
KP0775_AC_WP10,KP0775_AC_WP10,AA,AC_WP10,WP,WP10,10-12,0.205764437985541,7.10787929478367,0.2010541707031,-2.63211878957544,-0.142016622381052,0.0296200466800685
KP0777_AC_WP10,KP0777_AC_WP10,AA,AC_WP10,WP,WP10,10-12,2.67370312445329,-2.0924592337892,-0.285098054793949,-0.0192943293253751,-0.012779975844736,-0.181986936795575
KP0779_AC_WP10,KP0779_AC_WP10,AA,AC_WP10,WP,WP10,10-12,3.49257015326352,-2.414112764945,-0.326783258724467,0.0181177751733728,-0.023377050832618,-0.4305329517835
KP0783_HU_WP10,KP0783_HU_WP10,AH,HU_WP10,WP,WP10,10-12,0.191865498680275,7.65096096136089,-0.173597619209636,-2.47439222835514,-0.0715614604763419,0.0411208560300533
KP0785_AC_WP10,KP0785_AC_WP10,AA,AC_WP10,WP,WP10,10-12,0.32753698607219,8.21139202561854,-0.0984890539035755,0.565309192127174,0.0463984917562599,-0.086518095340948
KP0786_HU_WP10,KP0786_HU_WP10,AH,HU_WP10,WP,WP10,10-12,0.207045957505969,8.28078770955091,-0.00904478796347865,0.529126975969997,-0.0271167976269448,0.00927986572540676
KP0787_AC_WP10,KP0787_AC_WP10,AA,AC_WP10,WP,WP10,10-12,2.19777063492155,-1.87910712865874,-0.265068375489149,-0.015721507419119,-0.029390728087563,-0.24950063429787
KP0789_HU_WP10,KP0789_HU_WP10,AH,HU_WP10,WP,WP10,10-12,0.314288112941902,6.73320544779019,0.0908638139755311,0.269553912182601,-0.107985591233116,0.0115930408485647
KP0792_AC_WP10,KP0792_AC_WP10,AA,AC_WP10,WP,WP10,10-12,3.28463275391862,-2.30728502337367,-0.180274713463456,-0.0217726805197813,0.04074305755085,-1.00058052774341
KP0793_AC_WP10,KP0793_AC_WP10,AA,AC_WP10,WP,WP10,10-12,2.43784145923566,-1.96152510503783,-0.573414423373707,0.0588620815586268,0.0690847658450702,-0.429009086594205
KP0794_AC_WP10,KP0794_AC_WP10,AA,AC_WP10,WP,WP10,10-12,3.36727429076949,-2.38047540696216,-0.294363068472504,-0.00453187297673537,0.00295783653534198,-0.766700976748454
KP0795_LM_WP10,KP0795_LM_WP10,AL,LM_WP10,WP,WP10,10-12,-11.2905313131776,-2.0609471632795,-0.0635043737975806,0.0841802895941738,-1.28250274903299,-0.0745696663246023
KP0797_AC_WP10,KP0797_AC_WP10,AA,AC_WP10,WP,WP10,10-12,3.22097312423991,-2.43826011051248,-0.328529441692365,-0.0114135058742701,0.0121450004226329,-0.0508721010396469
KP0799_AC_WP10,KP0799_AC_WP10,AA,AC_WP10,WP,WP10,10-12,2.9121674675216,-2.18879547839333,-0.409797679408755,-0.0124052034822265,-0.020948748508771,0.168991116978595
KP0802_AC_WP10,KP0802_AC_WP10,AA,AC_WP10,WP,WP10,10-12,2.93606237972263,-2.13284924773767,-0.170300065880314,-0.052809209819308,-0.133776170057536,-0.519047240900591
KP0803_HU_WP10,KP0803_HU_WP10,AH,HU_WP10,WP,WP10,10-12,0.136536911949067,8.39912654316775,-0.108547782221441,1.06734660140224,0.0585999483676524,0.0384860022654768
KP0805_HU_WP10,KP0805_HU_WP10,AH,HU_WP10,WP,WP10,10-12,0.342520942363109,8.06686768343836,-0.13059565625198,1.59947370348244,0.0392221694014279,0.0556352699603502
KP0808_AC_WP10,KP0808_AC_WP10,AA,AC_WP10,WP,WP10,10-12,2.77756508813956,-2.11414194425531,-0.523133752565758,-0.0525593280648504,-0.0124338082747274,-0.140359022237062
KP0811_AC_WP10,KP0811_AC_WP10,AA,AC_WP10,WP,WP10,10-12,3.02605395451615,-2.19727703117444,-0.386426407588107,-0.0300457110756807,-0.026475183309323,-0.632623047937872
KP0812_AC_WP10,KP0812_AC_WP10,AA,AC_WP10,WP,WP10,10-12,3.26842338863749,-2.34130525822388,-0.396507922205668,0.0370892114099182,0.0135707667678289,-0.47589723348337
KP0814_HU_WP10,KP0814_HU_WP10,AH,HU_WP10,WP,WP10,10-12,0.286190503904021,8.52885186291995,-0.0902364510717319,1.74233048332525,0.0515209006915245,-0.0226283518493918
KP0815_AC_WP10,KP0815_AC_WP10,AA,AC_WP10,WP,WP10,10-12,3.14349882194033,-2.37999381883122,-0.414326589196744,0.00560021030198441,0.0656165010972835,-0.904339101770234
KP0818_HU_WP10,KP0818_HU_WP10,AH,HU_WP10,WP,WP10,10-12,0.184603108694248,8.11875143652223,0.100305493865518,-2.91981772274396,-0.0707174732937397,-0.0175034983488914
KP0822_AC_WP10,KP0822_AC_WP10,AA,AC_WP10,WP,WP10,10-12,3.3260958146428,-2.49290925834323,-0.75920219471054,-0.0200657212082621,-0.0786136944713116,-0.450749454838156
KP0823_AC_WP10,KP0823_AC_WP10,AA,AC_WP10,WP,WP10,10-12,3.53830723040904,-2.48098501344686,-0.695953781836184,-0.0336584628281548,-0.0359867824990858,-0.578190899317219
KP0826_AC_WP10,KP0826_AC_WP10,AA,AC_WP10,WP,WP10,10-12,0.386438455810885,7.6837979710964,-0.0538807753116489,-0.841512824721628,0.140947741459974,-0.0740800575176995
KP0827_AC_WP10,KP0827_AC_WP10,AA,AC_WP10,WP,WP10,10-12,0.39018316896456,8.48058864610245,-0.0184910185540482,1.28181686967518,0.0434140529316768,0.134767749447183
KP0828_AC_WP10,KP0828_AC_WP10,AA,AC_WP10,WP,WP10,10-12,3.08229395695719,-2.19687445582354,-0.293974003091151,-0.0615607052589586,0.0575738739021989,-0.199046857389314
KP0829_AC_WP10,KP0829_AC_WP10,AA,AC_WP10,WP,WP10,10-12,0.244768534460482,7.87708523262295,-0.016850852774921,0.606570192853731,-0.0898106277789463,-0.0502510008905244
KP0830_AC_WP10,KP0830_AC_WP10,AA,AC_WP10,WP,WP10,10-12,3.44423603167083,-2.41739201049714,-0.427719269116661,-0.00672288621102498,-0.0504208379276265,0.190566142067829
KP0831_HU_WP10,KP0831_HU_WP10,AH,HU_WP10,WP,WP10,10-12,0.343032757174955,8.33025054958037,-0.130069932220656,1.32293373791113,0.0198852618171634,-0.0233962427312548
KP0835_AC_WP10,KP0835_AC_WP10,AA,AC_WP10,WP,WP10,10-12,3.47245869388854,-2.48726804078564,-0.565941449047521,0.00233299880113263,0.0567162564370485,-0.548166152356343
KP0837_AC_WP10,KP0837_AC_WP10,AA,AC_WP10,WP,WP10,10-12,3.21932351137315,-2.18352334528953,-0.169471089816809,0.0535875351860266,-0.124232254905019,0.435336465035759
KP0838_AC_WP10,KP0838_AC_WP10,AA,AC_WP10,WP,WP10,10-12,0.260634803697373,7.44510043581649,-0.0905222880282584,1.37132610757144,0.0745414909113377,-0.0279418548200152
KP0839_HU_WP10,KP0839_HU_WP10,AH,HU_WP10,WP,WP10,10-12,0.375659763846507,8.04803693100295,-0.0971137293004405,0.914913217142473,0.0299877201069547,0.0348885745994187
KP0841_AC_WP10,KP0841_AC_WP10,AA,AC_WP10,WP,WP10,10-12,0.23553046298544,7.47617904551097,-0.0981512584113073,1.19744330968715,0.0554464448117477,-0.0372055610355556
KP0844_UN_NANA,KP0844_UN_NANA,AA,UN_NANA,WP,NANA,10-12,3.47143051633105,-2.590705315653,-0.528307479619977,0.0151454594182,0.00641272700231437,-0.502200772673414
KP0845_AC_WP10,KP0845_AC_WP10,AA,AC_WP10,WP,WP10,10-12,0.302659780892211,7.78316488214503,-0.10757745275204,1.15948840982067,-0.0300830463036652,-0.0417857809323354
KP0847_HU_WP10,KP0847_HU_WP10,AH,HU_WP10,WP,WP10,10-12,0.412320369049961,8.30682589343279,-0.0441255834584369,0.880446352929685,0.0353829796476702,0.00242194684386818
KP0850_AC_WP10,KP0850_AC_WP10,AA,AC_WP10,WP,WP10,10-12,0.332770392505857,8.30343865213087,-0.0837681194919962,1.41823748536337,0.131477348201696,0.0118028424799769
KP0851_AC_WP10,KP0851_AC_WP10,AL,AC_WP10,WP,WP10,10-12,-11.2352513124301,-2.04372952677069,0.0889400141433759,-0.0480714264320073,2.25405388089436,-0.0146747760119248
KP0853_HU_WP10,KP0853_HU_WP10,AH,HU_WP10,WP,WP10,10-12,0.254671224434548,8.31482395941285,-0.077821306572346,0.25035109281932,0.077666135511226,-0.0356349876067001
KP0857_AC_WP10,KP0857_AC_WP10,AA,AC_WP10,WP,WP10,10-12,3.37155363761715,-2.274925478386,-0.244667957104207,-0.0470746205286148,-0.0553570185671978,-0.737717775727747
KP0859_HU_WP10,KP0859_HU_WP10,AH,HU_WP10,WP,WP10,10-12,0.389754880602888,7.63911997304757,-0.115921664760547,1.1311042684505,-0.0590835114961537,0.159758497336007
KP0861_AC_WP10,KP0861_AC_WP10,AA,AC_WP10,WP,WP10,10-12,2.60630744248685,-1.98801961055295,-0.311299761373064,-0.0355891789489793,0.0416746173377904,-0.51761834925759
KP0866_AC_WP10,KP0866_AC_WP10,AA,AC_WP10,WP,WP10,10-12,2.34687121359061,-2.07923983067599,-0.864448270872273,0.0403874689652792,-0.0909952789460168,-0.0804965220110952
KP0870_LM_WP10,KP0870_LM_WP10,AL,LM_WP10,WP,WP10,10-12,-10.927547550107,-1.96104932123202,0.0226341397800833,-0.0211771268512946,1.84405322435023,0.0375652390988132
KP0871_AC_WP10,KP0871_AC_WP10,AA,AC_WP10,WP,WP10,10-12,3.37086764474168,-2.40966770130471,-0.337872251855555,-0.00256198115056874,-0.0129426514954948,-0.327949627318644
KP0875_AC_WP10,KP0875_AC_WP10,AA,AC_WP10,WP,WP10,10-12,0.335175537432243,8.44373249160667,-0.0200623922865593,1.22077509155304,0.0157274428533163,0.084632492089138
KP0876_HU_WP10,KP0876_HU_WP10,AH,HU_WP10,WP,WP10,10-12,0.369407325941722,8.29992276059085,-0.142395442091744,1.38529701357186,0.0652767433048573,-0.0964413394283519
KP0877_HU_WP10,KP0877_HU_WP10,AH,HU_WP10,WP,WP10,10-12,0.367282275207028,8.37542784481921,-0.0455580946286315,1.59076052636509,0.0658995775550894,-0.0365446283016135
KP0879_AC_WP10,KP0879_AC_WP10,AA,AC_WP10,WP,WP10,10-12,2.75282877005036,-2.24115500957041,-0.254671862399105,-0.00214540932082654,-0.0386190310852597,-0.823111413518241
KP0880_HU_WP10,KP0880_HU_WP10,AH,HU_WP10,WP,WP10,10-12,3.16292210273906,-2.37671263886109,-0.153705594410143,-0.0307657330391328,0.0106463130593968,-0.918916606734503
KP0881_AC_WP10,KP0881_AC_WP10,AA,AC_WP10,WP,WP10,10-12,3.40713656349238,-2.37714898574509,-0.289835423003973,-0.0413811856590298,0.0510088613333614,-0.520727657785611
KP0882_AC_WP10,KP0882_AC_WP10,AA,AC_WP10,WP,WP10,10-12,3.23547191856142,-2.29415383771429,-0.293397979914321,-0.00364650467815497,0.0109576224876245,-0.941132382158917
KP0883_AC_WP10,KP0883_AC_WP10,AA,AC_WP10,WP,WP10,10-12,3.36678954993701,-2.34759009405447,-0.156641601893098,0.0222242727281015,0.0110567949268939,-0.98391985385543
KP0884_AC_WP10,KP0884_AC_WP10,AA,AC_WP10,WP,WP10,10-12,3.50785881551367,-2.49063094547043,-0.576428586214549,-0.0124584600735653,0.0182410374901673,-0.253168047461978
KP0886_AC_WP10,KP0886_AC_WP10,AA,AC_WP10,WP,WP10,10-12,0.225803042159838,7.64018247762966,0.0733033742096107,-2.44125480979465,-0.148162335642507,0.00186030368431425
KP0887_AC_WP10,KP0887_AC_WP10,AA,AC_WP10,WP,WP10,10-12,3.44210563368024,-2.36270393868679,-0.335998219594278,-0.00388255206078069,-0.0493132277603527,-0.668202724884502
KP0888_AC_WP10,KP0888_AC_WP10,AA,AC_WP10,WP,WP10,10-12,0.268456096347247,8.02572056334765,-0.0164433386037891,-1.14399126874591,-0.0320846724622753,0.212768434327432
KP0893_LM_WP10,KP0893_LM_WP10,AL,LM_WP10,WP,WP10,10-12,-11.3159887972666,-1.99591501011744,-0.0504603071365032,0.0779004632460439,-0.732054337458177,0.0332795886301652
KP0895_AC_WP10,KP0895_AC_WP10,AA,AC_WP10,WP,WP10,10-12,2.95425919056135,-2.10757553851615,-0.0535334969567026,-0.0407156161333602,0.0619705801076894,-0.749404622261736
KP0897_AC_WP10,KP0897_AC_WP10,AA,AC_WP10,WP,WP10,10-12,2.22713408295991,-1.51210205625175,0.15910389714946,0.0212735970115828,-0.00285180259283772,-0.502318995068343
KP0898_AC_WP10,KP0898_AC_WP10,AA,AC_WP10,WP,WP10,10-12,3.4211891056051,-2.47752083758932,-0.563777103929252,-0.0204302321741618,-0.00770274568260352,-0.249300610270202
KP0899_LM_WP10,KP0899_LM_WP10,AH,LM_WP10,WP,WP10,10-12,0.249279629595959,8.32057748021432,-0.0245775587076557,0.434265071672052,0.0386251643696977,0.0581078933387496
KP0901_HU_WP10,KP0901_HU_WP10,AH,HU_WP10,WP,WP10,10-12,0.402902884372847,8.0776367491088,-0.0608579672870671,-0.613139238570878,-1.0167307133087e-05,0.119364630176696
KP0903_HU_WP10,KP0903_HU_WP10,AH,HU_WP10,WP,WP10,10-12,0.305992350067747,8.26242780382012,-0.0469792344495807,-0.581542672440559,-0.0268119020196373,0.176445226151258
KP0906_AC_WP10,KP0906_AC_WP10,AA,AC_WP10,WP,WP10,10-12,0.167938382054581,7.7257983508009,0.08116786618527,-2.50428875809318,-0.106282593212717,-0.0134791473673091
KP0909_AC_WP10,KP0909_AC_WP10,AA,AC_WP10,WP,WP10,10-12,2.72925152234609,-2.10766240766198,-0.338202228809002,0.0732275039462525,-0.043385775217028,-0.678904685357527
KP0912_AC_WP10,KP0912_AC_WP10,AA,AC_WP10,WP,WP10,10-12,3.4705275618016,-2.39936054548747,-0.351217953132337,-0.00879733636486474,-0.073139292736312,-0.959851722687015
KP0913_AC_WP10,KP0913_AC_WP10,AA,AC_WP10,WP,WP10,10-12,3.33916722001088,-2.33237003898575,-0.461066567296519,0.00127085710872584,-0.0344331251596822,-0.403612583502012
KP0915_AC_WP10,KP0915_AC_WP10,AA,AC_WP10,WP,WP10,10-12,3.4301196903193,-2.35604223939918,-0.783923707905019,-0.025234959438917,-0.0770227112026666,-0.43278728217587
KP0916_AC_WP10,KP0916_AC_WP10,AA,AC_WP10,WP,WP10,10-12,3.40281729193129,-2.39613341937073,-0.71702992147798,-0.0449509686122457,0.10144699567628,0.0319689919048796
KP0917_AC_WP10,KP0917_AC_WP10,AA,AC_WP10,WP,WP10,10-12,3.47932154968858,-2.33222379345323,-0.36609701005901,-0.0233960272130959,-0.00926660746994558,-0.546674607476633
KP0918_AC_WP10,KP0918_AC_WP10,AA,AC_WP10,WP,WP10,10-12,2.31421489638291,-1.9311563887865,-0.533771641056075,0.0308480897618735,0.0419573911411167,-0.826264692343958
KP0919_AC_WP10,KP0919_AC_WP10,AA,AC_WP10,WP,WP10,10-12,3.20531543882114,-2.31725114995201,-0.550416657655985,0.0355317531222546,0.025583836595414,-1.21042047448422
KP0920_HU_WP10,KP0920_HU_WP10,AH,HU_WP10,WP,WP10,10-12,0.351622081104389,8.45768642630157,-0.0333359607990197,1.08488263978898,-0.0367959382611874,-0.000503196711847215
KP0922_AC_WP10,KP0922_AC_WP10,AA,AC_WP10,WP,WP10,10-12,0.271955681955519,8.03635663277706,-0.142048920680552,1.1954009489845,0.0018295178086685,-0.0324754972213201
KP0926_AC_WP10,KP0926_AC_WP10,AA,AC_WP10,WP,WP10,10-12,3.51820831023339,-2.49939383894624,-0.282016981274038,0.0156375660504076,0.000921776018839971,-0.133846721549332
KP0928_AC_WP10,KP0928_AC_WP10,AA,AC_WP10,WP,WP10,10-12,2.89863493122834,-2.33049619348644,-0.522427551341067,0.11781544630141,-0.145220484246476,0.435743269357079
KP0930_AC_WP10,KP0930_AC_WP10,AA,AC_WP10,WP,WP10,10-12,2.52016090450511,-1.73721412903946,-0.450604836613568,-0.0269724773661203,-0.00260027256267054,-0.387890999765289
KP0931_AC_WP10,KP0931_AC_WP10,AA,AC_WP10,WP,WP10,10-12,3.39738440434389,-2.1705100465901,-0.372389765526564,-0.0387395996183472,-0.0279719106942015,-0.837606574828912
KP0932_AC_WP10,KP0932_AC_WP10,AA,AC_WP10,WP,WP10,10-12,2.34007746802979,-1.85944631794911,-0.554782041052182,0.0206226938626658,0.0761232540523899,-0.399067624682131
KP0933_AC_WP10,KP0933_AC_WP10,AA,AC_WP10,WP,WP10,10-12,3.36668953359495,-2.22857155202472,-0.074019467839469,0.00455226832753135,-0.0465818461568399,-0.419621002482842
KP0934_AC_WP10,KP0934_AC_WP10,AA,AC_WP10,WP,WP10,10-12,3.22042748178175,-2.23888767094249,-0.332921516640917,-0.0483898284849494,-0.0267054953782151,-0.458260052114047
KP0935_AC_WP10,KP0935_AC_WP10,AA,AC_WP10,WP,WP10,10-12,0.343586653766391,8.10296467161363,0.0265830988052208,0.461028926061154,0.0149326685890665,-0.0801662598691259
KP0936_AC_WP10,KP0936_AC_WP10,AA,AC_WP10,WP,WP10,10-12,2.91986199641443,-2.27043018444141,-0.761772913852242,-0.0534305051711839,0.0983974282674525,-0.893480966033009
KP0937_AC_WP10,KP0937_AC_WP10,AA,AC_WP10,WP,WP10,10-12,3.36958866394476,-2.47543428527961,-0.581125094073539,-0.00968606123273648,0.00195150416998098,-0.629049756690587
KP0938_HU_WP10,KP0938_HU_WP10,AH,HU_WP10,WP,WP10,10-12,3.3295920756199,-2.16610449930937,3.55212477510259,0.134662174040896,-0.0986152499042339,0.098729303459501
KP0940_AC_WP10,KP0940_AC_WP10,AA,AC_WP10,WP,WP10,10-12,3.37914889640364,-2.24424383779759,-0.593557937442504,-0.0589044011675566,0.00623620576545116,-1.19773846673429
KP0941_HU_WP10,KP0941_HU_WP10,AH,HU_WP10,WP,WP10,10-12,0.305817515484438,8.45527567342232,-0.0100727828211148,0.648617349510255,0.0265328457863728,0.0620673452552163
KP0942_AC_WP10,KP0942_AC_WP10,AA,AC_WP10,WP,WP10,10-12,3.45683240856357,-2.57585234592696,-0.701391929064139,0.0119873345980083,-0.0226549750321134,-0.601049956584837
KP0945_AC_WP10,KP0945_AC_WP10,AA,AC_WP10,WP,WP10,10-12,3.06606923141101,-2.25045307639427,-0.268183126458769,0.0849436943567335,-0.0352216519967695,-0.698052399290169
KP0947_AC_WP10,KP0947_AC_WP10,AA,AC_WP10,WP,WP10,10-12,3.48617021908677,-2.38890309387251,-0.126054944959597,-0.0123071016566627,0.0391692178187503,-0.371550229136729
KP0948_AC_WP10,KP0948_AC_WP10,AA,AC_WP10,WP,WP10,10-12,0.309609504871818,8.57879383247728,-0.181491284322031,1.34797030336601,0.0230233714924978,0.0119878017268071
KP0950_AC_WP05,KP0950_AC_WP05,AA,AC_WP05,WP,WP05,5,3.10037495661902,-2.22262254913761,-0.632979501527913,0.00329049496450235,0.038844498669991,-0.168334286105366
KP0951_HU_WP10,KP0951_HU_WP10,AH,HU_WP10,WP,WP10,10-12,0.169455383893023,7.88757339471362,0.103397323940641,-2.86846318714169,-0.0880625438598779,-0.0289221571578778
KP0953_AC_WP10,KP0953_AC_WP10,AA,AC_WP10,WP,WP10,10-12,3.31284199639582,-2.35185280588712,-0.495925154957603,0.00274739811050213,-0.0452531931549779,-0.317701712192442
KP0954_HU_WP05,KP0954_HU_WP05,AH,HU_WP05,WP,WP05,5,0.406882029201733,7.88387189115078,0.0316842278826677,-0.814167445919235,-0.103787922915279,0.276421072696124
KP0956_HU_WP05,KP0956_HU_WP05,AH,HU_WP05,WP,WP05,5,0.323621436879439,7.94603777732698,0.0042608075201879,-0.99251474623283,0.0270092122429668,0.0548797155188119
KP0957_HU_WP05,KP0957_HU_WP05,AH,HU_WP05,WP,WP05,5,0.336099006608521,7.93223239556083,-0.0624121749073706,-0.605845488602588,0.0701770015395824,-0.142145748753428
KP0958_HU_WP05,KP0958_HU_WP05,AH,HU_WP05,WP,WP05,5,0.23049070330686,7.86854581568822,0.0189438581758337,-0.662942013881683,0.0529001145498979,0.0459327354254202
KP0959_HU_WP05,KP0959_HU_WP05,AH,HU_WP05,WP,WP05,5,0.348174352973632,7.39228010030551,0.121957550517263,-2.62058220695182,-0.226151618553145,-0.0167313884697725
KP0960_HU_WP05,KP0960_HU_WP05,AH,HU_WP05,WP,WP05,5,0.229893227553197,7.79536861805801,0.100776372813532,-2.53461523777695,-0.0894363978718048,-0.065700012344073
KP0961_HU_WP05,KP0961_HU_WP05,AH,HU_WP05,WP,WP05,5,0.15879250176476,7.1273901031713,0.182597540511282,-1.13015876306326,-0.0350114648752849,0.046602522156133
KP0962_AC_WP05,KP0962_AC_WP05,AA,AC_WP05,WP,WP05,5,3.47297344017298,-2.42219510423755,-0.694218451705591,-0.0165421471471631,0.0278973775851618,-0.804714524179578
KP0963_HU_WP05,KP0963_HU_WP05,AH,HU_WP05,WP,WP05,5,0.432495935281706,7.39790809857533,-0.0384164828247478,0.37969861985953,0.0209042707759696,0.118256321439819
KP0964_HU_WP05,KP0964_HU_WP05,AH,HU_WP05,WP,WP05,5,0.327803458003556,8.07149892671037,0.0406413208813286,-0.898402564319828,0.0373284265961229,0.0776111957550178
KP0965_AC_WP05,KP0965_AC_WP05,AA,AC_WP05,WP,WP05,5,3.31905988154965,-2.36974765484923,-0.553505737120619,0.0355941920185304,0.0398633165544724,-0.529698349613615
KP0966_AC_WP05,KP0966_AC_WP05,AA,AC_WP05,WP,WP05,5,2.18865083427812,-1.99891466513062,-0.425443430837519,-0.0698693851934986,0.134066790278008,-0.254275797775771
KP0967_HU_WP05,KP0967_HU_WP05,AH,HU_WP05,WP,WP05,5,2.97813825958669,-2.06159836494641,-0.129326372766866,-0.0218867564255293,0.0120768545463454,0.049905033693784
KP0968_HU_WP05,KP0968_HU_WP05,AH,HU_WP05,WP,WP05,5,0.324599144481447,8.37197093620338,-0.0628174357400824,1.1409925435222,0.0945725971144878,-0.0600143007802319
KP0970_HU_WP05,KP0970_HU_WP05,AH,HU_WP05,WP,WP05,5,0.152652517879032,7.74598160184369,-0.0251877190556818,0.736975477748125,-0.109846634585621,-0.105169909843881
KP0971_HU_WP05,KP0971_HU_WP05,AH,HU_WP05,WP,WP05,5,0.300416061555926,8.12184801349619,-0.0511436599806033,-0.0300546245606736,-0.106612591593491,0.0656700496523976
KP0972_HU_WP05,KP0972_HU_WP05,AH,HU_WP05,WP,WP05,5,0.370675719662746,6.68385980294422,-0.0738787020407817,-2.42640399980894,-0.179585821892382,0.0346066348974334
KP0973_HU_WP05,KP0973_HU_WP05,AH,HU_WP05,WP,WP05,5,0.161997920614541,7.62658509500687,0.0266648097175752,-2.73016723645451,-0.129284186957566,0.0279380841851228
KP0974_AC_WP05,KP0974_AC_WP05,AA,AC_WP05,WP,WP05,5,3.36764964219344,-2.43694444578227,-0.386625365816533,0.030124746544307,0.0390210375532233,-0.897198775329957
KP0977_AC_WP05,KP0977_AC_WP05,AA,AC_WP05,WP,WP05,5,3.39862938810479,-2.50237251050419,-0.638517908473306,0.00523871228814424,-0.0217112339397492,-0.476606802324641
KP0978_AC_WP05,KP0978_AC_WP05,AA,AC_WP05,WP,WP05,5,3.4480703899132,-2.3782902616506,-0.0514212769008227,-0.00570478778948656,0.025425641689827,-0.574129145715191
KP0979_HU_WP05,KP0979_HU_WP05,AH,HU_WP05,WP,WP05,5,0.175080588030707,7.76120272926163,0.0533981919845449,-2.29991987153083,-0.0196765821576683,-0.0263114841543379
KP0980_HU_WP05,KP0980_HU_WP05,AH,HU_WP05,WP,WP05,5,0.195914385935734,7.95384541376328,-0.0257205474794009,-2.57400682936798,-0.0538007525405631,-0.0744623677360712
KP0981_AC_WP05,KP0981_AC_WP05,AA,AC_WP05,WP,WP05,5,2.9558082562837,-2.09553250541025,-0.508020628261671,-0.0242498932297493,-0.0793475012754444,-0.299120887071999
KP0982_AC_WP05,KP0982_AC_WP05,AA,AC_WP05,WP,WP05,5,2.49638937122715,-1.93068218859486,-0.434188518414333,-0.0462085293702888,-0.00990360545262367,0.153866847638257
KP0984_HU_WP05,KP0984_HU_WP05,AH,HU_WP05,WP,WP05,5,0.332776084977891,7.79880093172495,0.0665263077438335,-0.763867512686503,0.0718632866086251,-0.0365411806124876
KP0985_AC_WP05,KP0985_AC_WP05,AA,AC_WP05,WP,WP05,5,0.302519868177143,7.73502297316538,0.119735974307731,-2.88734731072359,-0.0857459908423637,-0.0948752497163083
KP0986_HU_WP05,KP0986_HU_WP05,AH,HU_WP05,WP,WP05,5,0.179936488708311,7.58408974786222,0.117966549022504,-2.49313756509143,-0.160884396260142,-0.0481742010603078
KP0987_HU_WP05,KP0987_HU_WP05,AH,HU_WP05,WP,WP05,5,0.302665470085528,7.25518645547857,0.150615685200637,-2.46795616629467,-0.109071522333906,0.00662051562919048
KP0989_HU_WP05,KP0989_HU_WP05,AH,HU_WP05,WP,WP05,5,0.146959281787915,7.60959897694442,0.143681370474057,-2.9249875379344,-0.0888457372804804,-0.0641180158784173
KP0992_AC_CA10,KP0992_AC_CA10,AA,AC_CA10,CA,CA10,10-12,3.42131030940824,-2.34563438338867,-0.463905417592944,-0.0172372483244836,0.0325100885067332,-0.0115816220931981
KP0993_AC_CA10,KP0993_AC_CA10,AA,AC_CA10,CA,CA10,10-12,2.83927132574319,-2.13635737205487,-0.103565532709462,0.0231179646535586,0.0792605900005389,0.444863645565275
KP0999_AC_CA10,KP0999_AC_CA10,AA,AC_CA10,CA,CA10,10-12,3.48071643628862,-2.48105676597503,-0.720995581282888,-0.0176878985853969,0.0419379563108996,0.481447327875738
KP1002_AC_WP10,KP1002_AC_WP10,AA,AC_WP10,WP,WP10,10-12,3.45516003119416,-2.37945443055437,-0.519757105748161,-0.0269640010275795,0.0256572905755267,0.642895415552693
KP1005_HU_CA10,KP1005_HU_CA10,AH,HU_CA10,CA,CA10,10-12,0.273532769392158,8.60172189654128,-0.103547888953105,1.53010379757103,0.0550305886725569,-0.017239434462345
KP1009_AC_CA10,KP1009_AC_CA10,AA,AC_CA10,CA,CA10,10-12,3.33255804672551,-2.39502939833501,-0.400540214552426,-0.00606977775608298,-0.00290138533667769,0.542966296763696
KP1011_AC_CA10,KP1011_AC_CA10,AA,AC_CA10,CA,CA10,10-12,3.46085401646748,-2.5395801363378,-0.134360276372823,0.0273117930629052,-0.0148045227674638,0.771193917815285
KP1012_AC_CA10,KP1012_AC_CA10,AA,AC_CA10,CA,CA10,10-12,3.50359091578624,-2.46911749998877,-0.641420745756044,-0.0290113509518904,0.0377253356020726,0.369602429941897
KP1015_AC_CA10,KP1015_AC_CA10,AA,AC_CA10,CA,CA10,10-12,3.56005923734946,-2.5332827065641,-0.559648950808478,0.0195451192680056,0.0168863576428852,0.827337295933449
KP1019_AC_CA10,KP1019_AC_CA10,AA,AC_CA10,CA,CA10,10-12,3.13661762434261,-2.33741930651719,-0.913446678262869,0.0892992542210611,0.0407232787494439,0.986317252897086
KP1021_AC_CA10,KP1021_AC_CA10,AA,AC_CA10,CA,CA10,10-12,3.13791832691314,-2.27493057232082,-0.350084260682599,-0.0462077272497494,0.011012056678393,0.825158389914598
KP1022_AC_CA10,KP1022_AC_CA10,AA,AC_CA10,CA,CA10,10-12,3.3530841715929,-2.38544337253267,-0.550623383831579,-0.0195232186505148,0.0551936700811397,0.872974895913532
KP1028_AC_CA10,KP1028_AC_CA10,AA,AC_CA10,CA,CA10,10-12,3.49428368896073,-2.48719963366655,-0.357791770239368,-0.00424956352944747,-0.0532563544580126,0.377221260873827
KP1029_AC_CA10,KP1029_AC_CA10,AA,AC_CA10,CA,CA10,10-12,3.52970349239873,-2.51264795115464,-0.187150036931762,0.0150936343829272,-0.0281632407286464,0.325135393951792
KP1030_AC_CA10,KP1030_AC_CA10,AA,AC_CA10,CA,CA10,10-12,3.36680639466801,-2.33415025153002,-0.756154978647767,-0.0289604877541323,-0.0194255713905489,0.265319836105805
KP1032_AC_CA10,KP1032_AC_CA10,AA,AC_CA10,CA,CA10,10-12,3.35727556295003,-2.31429230352497,-0.517541903183271,-0.0258903823098244,0.0275893611602872,0.604377222427693
KP1033_HU_CA10,KP1033_HU_CA10,AH,HU_CA10,CA,CA10,10-12,0.232703860036599,8.39782130326232,-0.116396241097343,1.25434140422497,-0.0116384846202101,-0.0967864946046059
KP1036_UN_CA10,KP1036_UN_CA10,AH,UN_CA10,CA,CA10,10-12,0.400427786443418,8.56939056453847,-0.209848149368879,1.78630262522374,0.0474077582942283,-0.0401706088871194
KP1037_HU_CA10,KP1037_HU_CA10,AH,HU_CA10,CA,CA10,10-12,0.274872283393202,8.33054162040788,-0.0202970662615873,0.357186044605493,0.0584297109743879,0.00126910411297076
KP1039_HU_CA10,KP1039_HU_CA10,AH,HU_CA10,CA,CA10,10-12,0.333608767279495,8.61793914345876,-0.114664102134857,1.65744684377785,0.0512630389928415,-0.0311697651041849
KP1041_HU_CA10,KP1041_HU_CA10,AH,HU_CA10,CA,CA10,10-12,0.326310090410385,8.23598286211841,-0.0345449755717809,0.114645268569917,-0.0557333513947988,0.0061276630113233
KP1043_LM_CA10,KP1043_LM_CA10,AL,LM_CA10,CA,CA10,10-12,-10.5576647062203,-1.9473389664117,0.0874280594003851,0.0768911374368419,1.95944055332957,0.00267281516351165
KP1045_AC_CA10,KP1045_AC_CA10,AA,AC_CA10,CA,CA10,10-12,2.68725537036478,-1.68183057719131,3.58037004586484,0.14128507446849,-0.00651448092799062,0.331651914952019
KP1046_AC_CA10,KP1046_AC_CA10,AA,AC_CA10,CA,CA10,10-12,3.4616119388597,-2.45215481482059,-0.366826230237027,0.0234685261606488,-0.0422349089141218,-0.122679220069192
KP1047_AC_CA10,KP1047_AC_CA10,AA,AC_CA10,CA,CA10,10-12,3.15400269587801,-2.19593218558819,-0.162744566670501,0.0101705619259999,0.0671614756675897,0.244665208788029
KP1052_AC_CA10,KP1052_AC_CA10,AA,AC_CA10,CA,CA10,10-12,3.01874354717064,-2.22209509048936,-0.421902546732009,-0.0446068073157031,0.00481348575051231,0.836159577445134
KP1053_AC_CA10,KP1053_AC_CA10,AA,AC_CA10,CA,CA10,10-12,2.62507605831022,-2.12401190814477,-0.317897667642465,-0.0226259646992093,0.0120312477548491,0.2935172618674
KP1061_LM_CA20,KP1061_LM_CA20,AL,LM_CA20,CA,CA20,20,-11.3912810427945,-2.09432049596865,-0.0104264849336398,0.19281507913648,-1.58191592484251,-0.00711666903611709
KP1062_AC_CA20,KP1062_AC_CA20,AA,AC_CA20,CA,CA20,20,3.45191425713259,-2.44006821557437,-0.401518904843234,-0.00162353667769255,0.0402515996469909,-0.122740072983432
KP1064_LM_CA20,KP1064_LM_CA20,AL,LM_CA20,CA,CA20,20,-11.1860060222754,-1.92161731187023,0.0565704548154597,-0.0380246198323379,2.90345791825017,-0.0571675736711809
KP1065_LM_CA20,KP1065_LM_CA20,AL,LM_CA20,CA,CA20,20,-11.0677258266699,-1.97102066075437,0.0789000045191717,-0.0579935864172705,2.65558675231455,-0.0432535311993095
KP1066_AC_CA20,KP1066_AC_CA20,AA,AC_CA20,CA,CA20,20,2.24672718166437,-1.9691220847651,-0.738456754288272,-0.0278366756605137,0.0539635010386639,0.272838394311225
KP1067_AC_CA20,KP1067_AC_CA20,AA,AC_CA20,CA,CA20,20,3.12397285313715,-2.20771663206088,-0.349789624252499,-0.0254904154037922,0.128611471464601,0.650557212804808
KP1069_AC_CA20,KP1069_AC_CA20,AA,AC_CA20,CA,CA20,20,3.40663796199542,-2.38577822999999,-0.404830534209328,-0.0188494559684088,-0.0302690118237668,0.167064366957316
KP1070_AC_CA20,KP1070_AC_CA20,AA,AC_CA20,CA,CA20,20,3.25660837892902,-2.26785873925568,-0.260395559461189,-0.0085989538761088,0.0130257340069618,0.879510282781025
KP1074_AC_CA20,KP1074_AC_CA20,AA,AC_CA20,CA,CA20,20,0.278085380043327,8.19961740449199,-0.05872324930139,1.71950083846098,0.00798557083027534,-0.0537969967666079
KP1076_AC_CA20,KP1076_AC_CA20,AA,AC_CA20,CA,CA20,20,3.07846125283523,-2.20665145166096,-0.394637241518867,0.0223939675127811,0.0792981236824686,0.341497004393311
KP1077_AC_CA20,KP1077_AC_CA20,AA,AC_CA20,CA,CA20,20,3.52067383007837,-2.54991492694085,-0.247344467956202,0.0293533864441513,0.0164323479336437,0.403627091322981
KP1081_AC_CA20,KP1081_AC_CA20,AA,AC_CA20,CA,CA20,20,3.41452479664351,-2.34717775234554,-0.214575889398733,-0.0104128911162802,0.0687707168665984,0.386113517690217
KP1084_AC_CA20,KP1084_AC_CA20,AA,AC_CA20,CA,CA20,20,0.315244095795754,8.38691731925304,-0.229339905589926,1.1299918014187,0.116312061579309,0.0676484980554641
KP1088_AC_CA20,KP1088_AC_CA20,AA,AC_CA20,CA,CA20,20,3.33468093216055,-2.3686648058105,-0.120170946772496,0.00266791419264897,0.0756085460028961,0.326575483299922
KP1089_AC_CA20,KP1089_AC_CA20,AA,AC_CA20,CA,CA20,20,3.15381523594909,-2.33384741279431,-0.469272702957131,0.00392564367470304,0.00118505302737796,0.212361313375948
KP1093_LM_CA20,KP1093_LM_CA20,AL,LM_CA20,CA,CA20,20,-9.4808729912326,-0.59062947640869,0.0340318826026456,-0.0191055895687236,1.59605800309736,-0.095080120474171
KP1094_LM_CA20,KP1094_LM_CA20,AL,LM_CA20,CA,CA20,20,-9.92380382301105,-1.68373295921026,0.00499325993962854,-0.192718666589388,1.95271649155249,0.126938322542897
KP1095_HU_CA20,KP1095_HU_CA20,AL,HU_CA20,CA,CA20,20,-11.2630101889734,-2.04176145077898,0.0746603155045549,0.0744292452169534,-1.42214438665565,0.0292107272511495
KP1097_AC_CA20,KP1097_AC_CA20,AA,AC_CA20,CA,CA20,20,3.07993553329082,-2.35459226136451,-0.84364704505298,0.0182700162752104,0.0503760207882618,0.487859233427664
KP1101_LM_CA20,KP1101_LM_CA20,AL,LM_CA20,CA,CA20,20,-10.9644284353377,-2.01107560127702,0.0800679119376787,-0.0295243043154353,1.91692032289487,0.0284724525530865
KP1103_LM_CA20,KP1103_LM_CA20,AL,LM_CA20,CA,CA20,20,-11.4088198841743,-2.06943228464907,0.0056226842992047,0.0765384526162435,-1.22927004158322,0.0112923640070625
KP1104_AC_CA20,KP1104_AC_CA20,AA,AC_CA20,CA,CA20,20,3.39890395982401,-2.35735923052926,-0.735319128148135,0.00334381707755222,0.033062057546245,0.48156937966912
KP1107_AC_CA20,KP1107_AC_CA20,AA,AC_CA20,CA,CA20,20,3.25701515836242,-2.37274565820233,-0.734826168216476,-0.032958934643069,0.0114137527425941,0.248252587897118
KP1115_AC_CA20,KP1115_AC_CA20,AA,AC_CA20,CA,CA20,20,3.38029040377001,-2.40881780697403,-0.273442352658269,-0.022461035554936,0.0541196969815164,0.515588462062621
KP1116_AC_CA20,KP1116_AC_CA20,AA,AC_CA20,CA,CA20,20,0.36124941327884,8.4704177997845,-0.162151804976228,1.53990001016813,0.110379906951633,0.00825310075459367
KP1118_LM_CA20,KP1118_LM_CA20,AL,LM_CA20,CA,CA20,20,-10.1375551484725,-1.87986606429422,-0.030687307748885,-0.142921732539984,-1.30516422320332,0.00931442442678554
KP1119_LM_CA20,KP1119_LM_CA20,AL,LM_CA20,CA,CA20,20,-11.1145606993043,-2.0491799047227,0.0677535690172103,0.184788095211408,-1.16572178072738,-0.104211510569781
KP1120_AC_CA20,KP1120_AC_CA20,AA,AC_CA20,CA,CA20,20,3.39603267671947,-2.37248586500862,-0.605501005182603,-0.0332997377650196,-0.0254405620928118,0.396505424384552
KP1121_AC_CA20,KP1121_AC_CA20,AA,AC_CA20,CA,CA20,20,3.07912928370382,-1.87545914252936,3.33193010308107,0.0942267788551151,0.0538189077442576,0.0748862144304715
KP1123_LM_CA20,KP1123_LM_CA20,AL,LM_CA20,CA,CA20,20,-11.1184262621529,-2.01818288961474,-0.0619172361644294,-0.222146251661939,2.79880483209764,-0.0353781195848106
KP1124_AC_CA20,KP1124_AC_CA20,AL,AC_CA20,CA,CA20,20,-11.3628369445596,-1.97987911376371,-0.0335824253206178,-0.201040901312437,-1.16929564777988,-0.0358102645525751
KP1125_AC_CA20,KP1125_AC_CA20,AA,AC_CA20,CA,CA20,20,3.43137026518672,-2.42636933236338,-0.441810107510203,-0.0324422768248766,0.00522311074047716,0.63308831483136
KP1126_LM_CA20,KP1126_LM_CA20,AL,LM_CA20,CA,CA20,20,-11.4294828383271,-1.98788135429994,0.0708800332584229,0.00679287618589745,2.05509874935997,-0.0167292014048596
KP1128_AC_CA20,KP1128_AC_CA20,AA,AC_CA20,CA,CA20,20,3.38402304762965,-2.39508241527239,-0.492962381316095,-0.0345721284140809,0.0150143736890569,0.571262543008529
KP1132_AC_CA20,KP1132_AC_CA20,AA,AC_CA20,CA,CA20,20,2.86520830596308,-1.93042708311301,3.00635401610033,0.0759165214749236,0.0380503181680434,0.45081157182963
KP1133_LM_CA20,KP1133_LM_CA20,AL,LM_CA20,CA,CA20,20,-11.2007425445697,-1.99838552927755,0.0100650501441066,0.232146265925091,-0.855993171680908,0.108914668902342
KP1134_AC_CA20,KP1134_AC_CA20,AA,AC_CA20,CA,CA20,20,3.38039867833188,-2.45223991452732,-0.660301271568134,-0.0272747136185145,0.0130220019731974,0.160549588285107
KP1135_AC_CA20,KP1135_AC_CA20,AA,AC_CA20,CA,CA20,20,3.11218193612001,-2.39191445888123,-0.366993565847876,0.0203737412844021,0.104420867701636,0.707049636066135
KP1137_AC_CA20,KP1137_AC_CA20,AA,AC_CA20,CA,CA20,20,3.13726158809543,-2.36649865659173,-0.629876385600947,0.0671121095313589,-0.0176825951928162,0.466772889153928
KP1139_LM_CA20,KP1139_LM_CA20,AA,LM_CA20,CA,CA20,20,3.42592601282955,-2.41831176328787,-0.726521819592287,-0.00211147658480898,0.00245515801912504,-0.0706759281659872
KP1140_AC_CA20,KP1140_AC_CA20,AA,AC_CA20,CA,CA20,20,2.5311680545363,-2.04991358928837,-0.561977784353735,0.0456006541792376,-0.0263356933006799,0.770647542535583
KP1141_AC_CA20,KP1141_AC_CA20,AA,AC_CA20,CA,CA20,20,2.4462352458088,-2.11971555343111,-0.497590741816463,-0.0543194058902577,-0.00556158727125473,0.429886793489909
KP1143_AC_CA20,KP1143_AC_CA20,AA,AC_CA20,CA,CA20,20,3.1526670090183,-2.27366431453062,-0.21463320958447,-0.0492465770520418,-0.0766391832191248,0.268138239349241
KP1144_LM_CA20,KP1144_LM_CA20,AL,LM_CA20,CA,CA20,20,-11.0382853487484,-2.0133119599549,0.0165478847810191,-0.00518107524073658,-0.743573237937921,0.104656093442378
KP1147_AC_CA20,KP1147_AC_CA20,AA,AC_CA20,CA,CA20,20,2.30997863486788,-1.53781540738219,2.78305940874401,-0.00375529826011505,-0.0585044309582895,0.146194304817321
KP1148_AC_CA20,KP1148_AC_CA20,AA,AC_CA20,CA,CA20,20,3.43996584935786,-2.46249098898991,-0.411291651228401,-0.00373149571660737,0.0758041568196635,0.364422767168524
KP1149_AC_CA20,KP1149_AC_CA20,AA,AC_CA20,CA,CA20,20,2.56681856015861,-2.0940730968075,-0.396314419719152,0.0315356368673486,0.0511352317370749,0.571969378404154
KP1150_AC_CA20,KP1150_AC_CA20,AA,AC_CA20,CA,CA20,20,3.41847175719947,-2.39971318755123,-0.54433684245931,-0.0428820803793356,0.0223798198789905,0.356918848960605
KP1151_AC_CA20,KP1151_AC_CA20,AA,AC_CA20,CA,CA20,20,2.59224350482991,-2.09540651553418,-0.632989093042792,0.0307394217773974,0.00863701938034273,0.546890438863697
KP1153_UN_CA20,KP1153_UN_CA20,AH,UN_CA20,CA,CA20,20,0.278747943193678,8.53022842264022,-0.254852933631901,1.60322901243042,0.0384670342737555,-0.0327005723420965
KP1156_UN_CA20,KP1156_UN_CA20,AA,UN_CA20,CA,CA20,20,3.36364029189222,-2.4973322821379,-0.513839156087146,0.0628061151891629,-0.0140440741979578,1.13293135280761
KP1159_UN_CA20,KP1159_UN_CA20,AH,UN_CA20,CA,CA20,20,0.41760251522957,8.25054599251296,-0.206230978833915,1.25290857859607,-0.0169458880133311,-0.046543543159108
KP1160_UN_CA20,KP1160_UN_CA20,AL,UN_CA20,CA,CA20,20,-11.3436755580167,-2.11564075627041,0.0175724621411268,0.124670089680036,-1.31533332411832,0.11871441666014
KP1162_AC_CA20,KP1162_AC_CA20,AA,AC_CA20,CA,CA20,20,0.211041195381097,7.31553253783231,-0.00215025761063293,0.789624643605965,-0.0782178091248165,-0.047586923158249
KP1164_LM_CA20,KP1164_LM_CA20,AL,LM_CA20,CA,CA20,20,-11.4961567744328,-1.94367821646692,-0.0480162264837191,0.0174760232239878,-1.21232531145668,-0.0198659755781728
KP1166_LM_CA20,KP1166_LM_CA20,AL,LM_CA20,CA,CA20,20,-11.3384716294332,-2.01993564456257,0.034433892917844,-0.129026903218181,-0.954890412720804,-0.0240027486321542
KP1167_LM_CA20,KP1167_LM_CA20,AL,LM_CA20,CA,CA20,20,-11.0616428575705,-2.17646127402268,0.0759128239079661,-0.249405941701667,2.11398198935187,0.000753133603016258
KX0075_HU_SB10,KX0075_HU_SB10,AH,HU_SB10,SB,SB10,10-12,0.310890193472239,8.33169164814359,-0.0772115811753399,1.33139067421537,0.109185361747134,-0.0906319132487569
KX0330_LM_WP20,KX0330_LM_WP20,AL,LM_WP20,WP,WP20,20,-10.8896455180514,-1.94102983485818,0.0217772105496208,-0.0445691700412632,2.07292431696152,-0.00809906988289432
KX0743_AC_WP10,KX0743_AC_WP10,AA,AC_WP10,WP,WP10,10-12,3.45168438162817,-2.55055777132388,-0.284686643945646,0.0111913008292683,-0.0303120667536824,0.0262117932487359
KY0578_AC_WP20,KY0578_AC_WP20,AL,AC_WP20,WP,WP20,20,-10.9740560118472,-1.95606994554771,0.00954362964608554,0.151118990459209,-1.57108161095851,0.000536490472646299
NR4407_G1_CS50,NR4407_G1_CS50,AG,G1_CS50,SQ,CS50,50,-10.298219770986,-1.81072597320765,0.111654748772945,-0.106576952498285,1.33291229208656,-0.173708376935551
NR4671_L1_CS50,NR4671_L1_CS50,AL,L1_CS50,SQ,CS50,50,-11.2599647078518,-1.93684483478232,0.0233192488552112,-0.220306784316011,2.12795180333563,-0.0960178716377721
NR5050_L2_CS15,NR5050_L2_CS15,AL,L2_CS15,SQ,CS15,15,-10.7900106339079,-1.8947915818422,0.0315844470562902,0.11638338902479,-1.27059290126675,-0.0213529065643451
NR5053_L2_CS15,NR5053_L2_CS15,AL,L2_CS15,SQ,CS15,15,-11.1753459810427,-1.90870871408387,-0.061130208692347,0.0252487531224333,-0.970359361612161,0.0247368149862129
NR5242_L1_CK50,NR5242_L1_CK50,AL,L1_CK50,WP,CK50,50,-10.9212099302876,-1.92919523583524,0.00721468715711667,-0.28992854585726,2.76596865240401,0.0402062645411092
NR5533_L2_CR15,NR5533_L2_CR15,AL,L2_CR15,CR,CR15,15,-11.2405690466742,-2.10351771277645,-0.0423732862566287,0.164575399053528,-1.23336289018331,-0.00246181864322515
NR5534_L1_CR15,NR5534_L1_CR15,AL,L1_CR15,CR,CR15,15,-10.3992542398283,-2.12026126375315,-0.109179982879155,-0.17221918157063,2.26065371771087,0.0972461043040006
NR6262_G2_BR50,NR6262_G2_BR50,AG,G2_BR50,BR,BR50,50,-10.4175739041659,-1.90652294873213,0.10842344275027,0.0130872412336695,0.939700780754543,-0.26974766073151
